episode,total_reward
1,4052.833781
2,3583.466625
3,3617.333078
4,2688.199608
5,4387.159222
6,3096.675699
7,3302.200142
8,4184.707945
9,2284.533232
10,3431.31824
11,2695.340141
12,2522.797697
13,4667.724078
14,2428.44251
15,5660.406518
16,4429.379195
17,4733.193787
18,3460.708948
19,3132.094321
20,3226.966489
21,3164.83136
22,4412.768952
23,3446.939543
24,3367.23048
25,3036.430039
26,3339.054494
27,4702.241577
28,2590.723596
29,1434.753522
30,2785.167816
31,4335.308274
32,3281.448939
33,3475.007342
34,4831.587543
35,3075.418924
36,3502.019667
37,2757.35577
38,3247.782304
39,4085.402439
40,1668.19422
41,2697.364874
42,4432.013105
43,3796.665664
44,3578.204292
45,3100.747028
46,2969.775915
47,4057.902365
48,3913.149403
49,2945.820774
50,3381.466747
51,6032.699482
52,3276.162462
53,4470.489301
54,2590.506332
55,3498.782569
56,4977.190048
57,2582.991098
58,5022.687637
59,3776.086059
60,4172.138736
61,4889.998271
62,4323.642262
63,2463.729083
64,4229.64813
65,3310.560553
66,3752.531873
67,4565.699078
68,3309.010328
69,4181.565281
70,4795.084083
71,4253.391207
72,4510.813101
73,2951.380354
74,3738.352715
75,5031.820228
76,4950.684086
77,2387.747038
78,1668.375158
79,4092.72494
80,4403.91432
81,4739.604216
82,2597.050575
83,3847.708504
84,2773.974153
85,2092.758284
86,4607.031923
87,3992.626744
88,2041.252057
89,3615.086897
90,1250.696574
91,2624.644589
92,3634.090044
93,2655.110095
94,2333.590235
95,3979.664906
96,3779.833057
97,4509.787538
98,3149.974397
99,4199.489023
100,3696.690155
101,4278.026388
102,2643.820469
103,1438.794781
104,3732.606257
105,4778.603802
106,3157.787775
107,4138.777469
108,5682.982662
109,4619.742741
110,2268.706673
111,1149.544968
112,4850.068067
113,3558.387643
114,5418.713864
115,4257.177714
116,4152.211121
117,4525.504177
118,4438.487702
119,2281.649512
120,5496.045377
121,3224.742456
122,1565.967749
123,5114.535395
124,3470.589943
125,3835.861531
126,2334.883628
127,4309.323851
128,1845.769861
129,5698.08966
130,4007.728991
131,5515.885927
132,5347.233423
133,3433.8935
134,1432.937895
135,4709.442713
136,4097.762379
137,4051.180855
138,2245.647269
139,2906.587281
140,3317.386298
141,2349.894281
142,4583.819845
143,2448.384198
144,4224.450129
145,5148.096916
146,2312.93425
147,1156.925179
148,4963.753457
149,2910.289971
150,2793.378798
151,404.316124
152,5829.314304
153,4258.109093
154,2988.827666
155,2560.229074
156,4864.83055
157,1957.532974
158,2529.947817
159,6354.477389
160,5109.493323
161,3958.600642
162,2706.710827
163,3012.516006
164,4170.858284
165,4721.551527
166,2359.937998
167,3575.434346
168,3030.836775
169,3253.241566
170,4772.860028
171,4300.970986
172,4799.646433
173,3561.449246
174,2856.677622
175,4595.040127
176,3193.702329
177,6157.12626
178,3981.221958
179,4843.179413
180,4341.184633
181,3413.706479
182,3600.087109
183,3685.531503
184,4290.905567
185,3097.172323
186,2567.405859
187,5309.485094
188,3754.148368
189,3569.647161
190,3444.450472
191,3432.454428
192,2399.226098
193,3891.984301
194,3997.016908
195,2852.506291
196,4606.943298
197,2995.903753
198,4185.475021
199,4329.851544
200,3671.519317
201,4959.37406
202,3083.127239
203,1965.997969
204,2627.172474
205,4001.722246
206,3462.901235
207,2517.80195
208,4333.679164
209,1860.964214
210,2506.634361
211,2350.013568
212,2952.145618
213,3216.234897
214,5990.907071
215,2753.656101
216,4194.958443
217,2265.662759
218,4638.093599
219,4297.77668
220,3399.189875
221,4095.388665
222,4402.757394
223,4805.117276
224,2800.383803
225,4785.139573
226,4647.144671
227,3405.547661
228,3435.864534
229,5777.617993
230,2595.922609
231,5121.329847
232,4272.410258
233,5729.461808
234,5544.159152
235,3219.134842
236,3563.291209
237,3745.023854
238,3690.916045
239,2282.510551
240,3256.11102
241,2838.277476
242,3860.509205
243,3513.809416
244,1458.733508
245,4598.967041
246,3362.255008
247,6665.478658
248,5882.044282
249,6018.767559
250,3258.132553
251,3760.664739
252,2670.746083
253,2319.887602
254,6396.908485
255,2594.584393
256,2629.590949
257,2245.499833
258,1782.553947
259,4444.607308
260,3327.817171
261,3731.695555
262,2948.8434
263,4780.525365
264,3062.917232
265,4760.260156
266,3586.817787
267,4594.47012
268,3802.945461
269,3790.204758
270,1734.926096
271,4092.097143
272,4650.037301
273,6376.980626
274,4164.207657
275,4743.694219
276,3604.761743
277,5664.703512
278,4405.652431
279,4408.767761
280,5031.091699
281,3328.619058
282,2290.407075
283,4488.55685
284,2592.502213
285,3773.478044
286,6684.64968
287,3054.942632
288,4197.830229
289,3633.157762
290,4606.103158
291,3255.267364
292,4059.919655
293,4200.979958
294,3199.268729
295,3407.698779
296,5004.685197
297,5847.177559
298,2255.265548
299,3182.577137
300,4741.044241
301,2528.464236
302,3281.527537
303,3649.312164
304,2503.871383
305,4278.784775
306,2718.32202
307,2361.811734
308,3620.582191
309,2634.849236
310,3241.43605
311,2801.445843
312,3617.383555
313,4437.56889
314,4253.566674
315,4330.822255
316,5107.193632
317,3448.022776
318,4423.878078
319,2071.060085
320,2453.900702
321,2736.409399
322,2783.609182
323,4338.956117
324,3269.902953
325,2746.626302
326,2528.170052
327,2979.082082
328,2563.02803
329,3317.438411
330,927.546123
331,4906.550936
332,4102.641249
333,5185.864294
334,3743.734652
335,3956.857507
336,3732.489918
337,2348.872329
338,2282.484058
339,2994.327754
340,2043.240839
341,3689.129967
342,2090.067359
343,3253.923829
344,3488.345943
345,3063.161476
346,3210.997594
347,3503.682711
348,5232.337634
349,4625.216474
350,4234.008892
351,4715.017298
352,6548.641865
353,4380.186617
354,2825.821397
355,5029.206224
356,2360.566315
357,4433.756365
358,4794.109507
359,2791.928259
360,5323.150168
361,2213.882499
362,3930.881975
363,1517.43259
364,3397.699754
365,4649.21987
366,4541.180292
367,3081.368993
368,3604.363603
369,2462.071601
370,2143.623197
371,4634.895853
372,6326.831215
373,2920.914915
374,3918.8414
375,1983.809787
376,3211.238054
377,4330.511277
378,3251.000235
379,4147.440271
380,4149.934637
381,4253.662328
382,2687.663223
383,2579.875171
384,4505.832815
385,5440.682598
386,2206.73242
387,4886.984522
388,4113.318933
389,3872.793323
390,4392.195351
391,4464.622548
392,4787.65742
393,5295.564639
394,5026.762587
395,4375.675424
396,5060.307204
397,4747.836861
398,3133.914858
399,3839.002655
400,2924.073716
401,4933.899658
402,3707.115544
403,3573.460614
404,2627.534455
405,1965.487323
406,1867.330434
407,2525.257482
408,3606.583708
409,3554.595438
410,2936.291419
411,4571.211112
412,2813.906119
413,3537.391734
414,2928.947784
415,4038.457045
416,1454.383605
417,4281.708896
418,3532.646333
419,4991.338935
420,3843.301533
421,3485.898668
422,3978.615425
423,3261.945771
424,4056.359897
425,6364.100271
426,4639.789249
427,4391.354237
428,4584.260162
429,2511.557373
430,4433.567378
431,3497.609096
432,5119.174816
433,4168.457134
434,3885.943366
435,5151.663848
436,1964.477838
437,3486.280488
438,1545.132015
439,4041.773037
440,4402.948581
441,3291.342792
442,3678.550989
443,3069.854366
444,2281.63082
445,965.84824
446,4163.451242
447,4551.031367
448,2813.853648
449,4293.44362
450,5726.092371
451,3744.394653
452,4691.581895
453,3656.842249
454,5729.859254
455,5205.971939
456,5869.268846
457,3438.678208
458,4177.289087
459,2802.074562
460,3007.658275
461,4303.54556
462,4496.445449
463,3831.432652
464,4834.753176
465,3983.395163
466,5246.492865
467,4155.530075
468,3962.424678
469,4244.362178
470,3974.760672
471,3521.84023
472,2938.603595
473,5603.583985
474,4204.41426
475,5595.853918
476,4402.599225
477,2941.450728
478,4306.102916
479,6054.341895
480,3940.621251
481,4159.743548
482,3686.888022
483,4486.749179
484,2680.509236
485,3991.18504
486,3189.828231
487,3905.761269
488,3800.355324
489,2343.11499
490,3522.020341
491,4720.481414
492,3935.879638
493,2788.68324
494,3237.155758
495,4605.112446
496,4840.565422
497,4818.835983
498,4531.452359
499,4313.73492
500,3388.437926
501,3000.541028
502,3283.795537
503,5181.642767
504,1314.461726
505,6389.697113
506,3484.607727
507,5515.066698
508,3261.151371
509,2938.175601
510,5571.168544
511,7729.395894
512,2389.747404
513,3633.578385
514,5058.124757
515,2465.757547
516,3597.119883
517,4756.280664
518,2823.470911
519,2262.633051
520,4567.349941
521,4460.041058
522,3420.142236
523,2438.034377
524,2839.276316
525,5297.642978
526,3363.541681
527,5926.447581
528,4784.666671
529,1232.976585
530,4352.519176
531,3771.445258
532,4249.983234
533,2856.563647
534,3282.769399
535,4409.524457
536,4629.41428
537,3055.026425
538,5516.159325
539,2002.248399
540,5356.184269
541,3890.200622
542,4185.790965
543,2451.924561
544,5298.547774
545,3732.520881
546,2997.93299
547,4423.708544
548,4974.922983
549,4790.571887
550,3642.713819
551,4426.133821
552,4072.386514
553,3571.738797
554,4670.95514
555,3993.679322
556,1884.803278
557,2912.134629
558,4618.78512
559,1970.270016
560,2710.884179
561,4320.848791
562,2600.06239
563,3713.276276
564,2536.535979
565,3874.990198
566,3954.820323
567,4725.574919
568,2065.981803
569,3016.435645
570,3727.906373
571,2202.454063
572,2246.846854
573,3404.565353
574,4512.285339
575,3242.889999
576,3650.964189
577,4489.014071
578,5580.157742
579,4073.826448
580,2081.212351
581,4346.792017
582,4907.127117
583,2485.811391
584,5791.782927
585,4065.242607
586,3306.548948
587,3934.035091
588,3140.048391
589,4851.092574
590,5170.979486
591,2990.630922
592,3606.045971
593,4622.238397
594,4636.665547
595,6056.993847
596,3151.903343
597,5459.246493
598,5408.297674
599,2656.341594
600,2681.070874
601,4331.378012
602,2761.839048
603,2697.760632
604,2465.64819
605,4585.460168
606,4105.208362
607,4328.623918
608,4456.800593
609,5457.455562
610,2305.790865
611,5404.878416
612,5645.005778
613,3460.775781
614,5029.425499
615,968.556234
616,3191.783167
617,1884.351735
618,3977.457138
619,6460.716697
620,1575.27698
621,3318.78007
622,3179.273164
623,3312.432617
624,1898.32799
625,5068.298997
626,3130.3205
627,4993.147242
628,4697.562162
629,4642.723277
630,4322.638793
631,3088.330263
632,2325.10386
633,3853.224754
634,3179.825507
635,2389.014035
636,2926.653138
637,5279.631685
638,4035.390786
639,2992.278898
640,3380.926899
641,5169.621448
642,2101.705069
643,6258.936047
644,4397.278382
645,3422.022738
646,3047.613962
647,3174.991831
648,3577.320767
649,3966.504203
650,5534.144107
651,4002.600175
652,4401.788748
653,2454.359897
654,2079.399566
655,3023.897095
656,3866.79748
657,3352.310586
658,2066.850794
659,4239.628787
660,3645.888831
661,2732.688904
662,4304.428241
663,3518.42383
664,3591.731406
665,3217.865794
666,2588.413306
667,1899.089131
668,2895.855286
669,2207.430191
670,3929.477133
671,3993.224956
672,2933.967913
673,3257.645487
674,2414.467758
675,3846.227015
676,4537.329846
677,4821.025364
678,6562.642357
679,1686.019112
680,4411.98153
681,3425.500006
682,3386.028081
683,3334.893484
684,2846.998195
685,5027.348976
686,4325.606106
687,4248.80262
688,2778.069082
689,2938.775872
690,5578.089996
691,2082.665666
692,3263.909526
693,3982.081937
694,5447.507774
695,3938.249325
696,2825.026271
697,5045.828525
698,3866.36284
699,2304.953283
700,3156.557497
701,3448.812236
702,3907.587181
703,3404.593441
704,2024.12949
705,3320.972561
706,4754.007416
707,2824.209793
708,3572.619911
709,4185.911483
710,2615.801626
711,2542.236251
712,2839.208864
713,3369.070412
714,4549.910654
715,3657.237063
716,4705.272519
717,3820.462078
718,2714.823092
719,3368.096908
720,4971.988254
721,3189.443794
722,4945.973731
723,4166.18839
724,3784.952234
725,3368.668996
726,3535.501812
727,2834.076159
728,3617.705957
729,4353.967049
730,3219.888631
731,4181.600638
732,3358.512566
733,3866.755715
734,3598.496791
735,1651.146435
736,5284.061232
737,2376.257225
738,5582.388399
739,3032.378796
740,7009.180465
741,3174.168621
742,3590.590986
743,3044.731943
744,4932.543765
745,1816.987905
746,3908.950859
747,1771.801058
748,2813.863784
749,3706.949523
750,3464.188808
751,3901.035224
752,3816.57603
753,4527.087702
754,5698.00635
755,5242.316535
756,4651.100087
757,3254.898792
758,4358.287296
759,3924.783667
760,2372.323686
761,4097.842035
762,4604.624608
763,3491.644886
764,3964.845505
765,6242.294285
766,4620.630736
767,5228.830306
768,4798.666111
769,3879.473104
770,2913.81669
771,5465.461609
772,4879.023549
773,6188.851403
774,3779.944274
775,2713.326601
776,2031.694735
777,6017.230524
778,3960.830128
779,2506.096389
780,4171.487504
781,2972.874525
782,3280.390711
783,2835.615412
784,4108.603283
785,3819.736293
786,4717.536358
787,1955.615019
788,2851.902945
789,4803.49936
790,3335.508328
791,3938.594177
792,4367.690201
793,4620.866617
794,4671.974371
795,3276.860014
796,2739.442297
797,2778.724633
798,4003.2412
799,6314.257857
800,2802.545485
801,2418.19308
802,3291.993784
803,3906.614798
804,3587.124866
805,3712.078137
806,2717.007652
807,2077.849937
808,3511.312154
809,3142.908936
810,3593.013361
811,3308.989979
812,5147.789749
813,3145.263478
814,2701.151539
815,2208.238327
816,4222.902883
817,3598.818076
818,4402.711932
819,8203.242025
820,4457.87288
821,3011.496707
822,4964.931262
823,3366.254259
824,3289.243826
825,2771.426714
826,3481.269862
827,4017.156384
828,3217.982187
829,2893.391039
830,2453.36805
831,5804.465722
832,4301.835689
833,2829.039088
834,4299.138198
835,5026.01528
836,2430.519882
837,3991.205965
838,6317.854911
839,4448.509015
840,3718.006371
841,3163.818618
842,6124.587079
843,3853.33955
844,4075.780816
845,4177.542515
846,2283.095311
847,3863.608504
848,2151.489496
849,3179.45332
850,1350.55285
851,5192.025056
852,6417.899526
853,6645.942034
854,3408.233421
855,2486.215031
856,2626.524884
857,3679.937623
858,3987.141729
859,3901.983842
860,3657.202465
861,1921.869632
862,5133.896262
863,5111.409758
864,2702.609936
865,3223.138421
866,4571.263154
867,5145.228304
868,2043.452189
869,2458.388646
870,5646.493705
871,2439.208697
872,4823.321554
873,3841.092354
874,5726.03454
875,3483.33664
876,3138.739038
877,6763.394762
878,4211.951154
879,5399.804915
880,4729.557875
881,3616.93173
882,4839.65279
883,4861.176633
884,4479.045548
885,4591.560463
886,2971.450811
887,2129.177253
888,3867.905008
889,2708.780801
890,3113.15294
891,5054.982802
892,3139.527632
893,2964.0231
894,3447.029281
895,3980.987278
896,3895.553659
897,5772.209903
898,2134.272865
899,3629.954483
900,3154.616152
901,4466.330924
902,3336.083776
903,4195.767986
904,3626.14305
905,3490.745247
906,3690.460026
907,4807.995325
908,3292.905348
909,4954.465821
910,4263.30705
911,5864.883055
912,4092.081848
913,2377.139893
914,3303.250617
915,5681.943437
916,4854.69825
917,4847.178045
918,4005.279862
919,2116.466736
920,4138.61033
921,2158.491781
922,5872.832233
923,3323.46791
924,4286.435834
925,3208.575696
926,3603.875906
927,3125.758738
928,3286.655463
929,4703.123959
930,3524.557522
931,4200.597269
932,4079.2885
933,4322.595488
934,2722.701532
935,5226.94374
936,4153.654053
937,5356.908343
938,4177.80818
939,3462.39317
940,4659.151543
941,2114.019467
942,3360.525072
943,5817.536706
944,4047.179221
945,3379.82399
946,4017.001136
947,3347.308246
948,4505.455342
949,2666.592871
950,4534.606114
951,3833.704762
952,4504.57003
953,3253.872009
954,2666.703872
955,3570.779086
956,3863.117685
957,3913.066202
958,5798.662168
959,3335.783555
960,5146.786486
961,4048.9167
962,2216.715519
963,3707.628478
964,4769.955689
965,4617.490096
966,2064.914988
967,2624.1605
968,3954.389727
969,3224.032609
970,3552.86614
971,5688.166885
972,3063.929397
973,3704.198518
974,3239.793712
975,3258.372203
976,3426.360266
977,4900.850485
978,4563.61334
979,3602.529127
980,4414.795116
981,3474.317684
982,4895.374499
983,3496.055486
984,4819.534489
985,5020.600395
986,5194.949854
987,3434.580776
988,3338.851546
989,4239.406879
990,3643.767731
991,5712.97781
992,3381.220304
993,2964.45331
994,4201.828992
995,3954.769403
996,4835.281122
997,2539.09486
998,4513.902307
999,5382.90731
1000,2740.612085
1001,3581.809146
1002,4059.120414
1003,3462.194122
1004,3664.201546
1005,3172.026363
1006,3528.155928
1007,3520.946023
1008,3098.549378
1009,2045.194345
1010,3075.508225
1011,4992.708523
1012,4938.097254
1013,4334.448203
1014,5017.753018
1015,3977.348945
1016,3518.719251
1017,4051.728168
1018,3105.565326
1019,3704.521945
1020,5448.67772
1021,4767.626164
1022,4522.715057
1023,3788.27889
1024,3672.927368
1025,3809.915851
1026,2806.932311
1027,3943.428965
1028,5403.874518
1029,2449.374208
1030,4654.689098
1031,5136.037335
1032,2490.709282
1033,2607.988366
1034,5345.064927
1035,4771.320584
1036,4757.854579
1037,5340.629357
1038,4271.282557
1039,2723.203935
1040,2381.029054
1041,4169.912198
1042,4799.666187
1043,4274.170152
1044,3634.635798
1045,5158.073157
1046,3708.504394
1047,3099.387593
1048,3916.256199
1049,3886.982139
1050,3458.250891
1051,4825.28536
1052,3213.806477
1053,4077.578097
1054,4393.362179
1055,5035.189075
1056,2696.679084
1057,3535.252901
1058,4987.735742
1059,1678.687853
1060,4549.335205
1061,4343.774976
1062,4215.878852
1063,1569.724734
1064,5145.296319
1065,4430.210555
1066,4836.704568
1067,2854.603822
1068,5404.459286
1069,2794.653883
1070,2470.357359
1071,2732.577155
1072,2490.044893
1073,2684.817021
1074,3646.135561
1075,2286.521521
1076,4483.726204
1077,3096.091895
1078,2997.374616
1079,4915.671375
1080,1563.554691
1081,4392.758028
1082,3112.834399
1083,3236.149327
1084,2926.723556
1085,1744.115262
1086,3630.725063
1087,2589.935318
1088,3900.981528
1089,2852.92784
1090,5361.29144
1091,3542.562118
1092,4444.168228
1093,3046.531583
1094,3248.991965
1095,5611.856751
1096,3569.427661
1097,3631.663481
1098,3347.698246
1099,4515.514308
1100,2914.902765
1101,4228.181726
1102,2040.066779
1103,4557.281576
1104,5345.224651
1105,4340.994226
1106,3628.437933
1107,3085.55984
1108,2894.839241
1109,2775.49463
1110,3512.177754
1111,4414.121411
1112,2994.986149
1113,3035.324261
1114,2402.057364
1115,3617.453397
1116,5703.615315
1117,4245.572361
1118,5956.654541
1119,4233.39084
1120,4497.604681
1121,5233.037812
1122,4055.483109
1123,4063.122818
1124,4147.467578
1125,4090.642113
1126,3431.332158
1127,2753.894529
1128,4746.844605
1129,5001.854303
1130,3655.152069
1131,3159.453449
1132,3963.383095
1133,3119.67834
1134,3539.223844
1135,1532.95245
1136,3730.951622
1137,4392.106048
1138,3462.046887
1139,3671.421699
1140,3895.268617
1141,3662.381294
1142,3608.394207
1143,6900.871333
1144,3051.708303
1145,3481.190064
1146,3760.336602
1147,2499.867132
1148,5516.496527
1149,4019.616526
1150,4812.51206
1151,3851.287634
1152,4527.282183
1153,5244.24553
1154,1770.809431
1155,3731.704399
1156,4169.059198
1157,4066.305855
1158,2093.42085
1159,3016.288621
1160,3465.613975
1161,3129.596611
1162,2821.091228
1163,4690.55264
1164,4435.752814
1165,3767.227305
1166,4853.309497
1167,2743.10104
1168,3798.011802
1169,5394.75035
1170,4757.235425
1171,3280.632072
1172,3716.051274
1173,4009.424671
1174,4378.880701
1175,3738.375578
1176,2973.294138
1177,2065.981645
1178,3391.110952
1179,2102.166682
1180,4124.734499
1181,4179.337374
1182,3881.471109
1183,2285.321453
1184,3852.504446
1185,2948.488093
1186,4020.322875
1187,4461.843738
1188,3203.342302
1189,3092.551599
1190,3925.274266
1191,3690.593174
1192,4125.068091
1193,5494.259198
1194,3747.574533
1195,4735.606918
1196,3867.929962
1197,4026.696762
1198,3115.264013
1199,3719.824266
1200,2745.006508
1201,5849.354174
1202,3860.791231
1203,3502.445349
1204,2818.004017
1205,2922.482612
1206,4372.50378
1207,3444.905836
1208,2323.357147
1209,5872.259958
1210,3527.08582
1211,2343.103267
1212,4317.318018
1213,4294.700009
1214,2663.779854
1215,4027.884999
1216,4059.089867
1217,4207.853709
1218,4461.520562
1219,3768.331495
1220,3784.520448
1221,3379.522748
1222,3226.089372
1223,4118.811487
1224,4989.223119
1225,3929.928211
1226,3370.70313
1227,3679.55859
1228,3370.623314
1229,3680.611343
1230,1250.467495
1231,4048.600344
1232,4276.969214
1233,3567.90839
1234,3217.138644
1235,3366.264495
1236,3784.292543
1237,3636.062615
1238,3907.627936
1239,2759.681718
1240,4805.277854
1241,3741.160809
1242,3450.33176
1243,2358.269938
1244,5624.620046
1245,4253.060162
1246,4859.965988
1247,4488.068556
1248,4778.461074
1249,2338.129558
1250,4181.65399
1251,3797.620332
1252,3814.722853
1253,4074.00053
1254,4124.091514
1255,4078.180001
1256,5517.080316
1257,3943.621273
1258,5245.830622
1259,2924.644323
1260,2321.268713
1261,3970.890448
1262,4023.099926
1263,3927.834661
1264,3056.599384
1265,4234.204637
1266,4063.564534
1267,4215.887136
1268,4181.419359
1269,2958.778996
1270,5311.619621
1271,4798.497266
1272,3586.072672
1273,4746.949599
1274,3405.817668
1275,4844.343589
1276,5074.951818
1277,5124.412932
1278,5059.785062
1279,3362.329293
1280,2468.929943
1281,2119.508485
1282,3547.312738
1283,3595.6799
1284,5394.810467
1285,4568.333773
1286,3986.065762
1287,2578.25521
1288,4007.523203
1289,2034.438689
1290,3314.767519
1291,3656.581786
1292,1907.181174
1293,4872.065471
1294,4590.645497
1295,4940.703183
1296,2717.433316
1297,3661.33281
1298,3730.821595
1299,4249.048089
1300,5037.605287
1301,4469.279302
1302,3234.067842
1303,4739.160182
1304,4995.275974
1305,5296.484126
1306,3505.881099
1307,1566.705192
1308,5048.03294
1309,4437.574303
1310,4194.085066
1311,3236.212619
1312,3052.957566
1313,5638.68055
1314,3488.110482
1315,6106.362062
1316,3221.630523
1317,5175.586338
1318,3561.823991
1319,4683.57255
1320,3507.442111
1321,4235.94372
1322,2725.735408
1323,3410.982317
1324,4393.368622
1325,4081.328312
1326,4888.997265
1327,2724.58535
1328,3315.473553
1329,4115.464576
1330,3841.788672
1331,4252.074204
1332,4544.859026
1333,1951.43472
1334,4745.34508
1335,2953.815547
1336,5243.186935
1337,3081.76432
1338,4445.136723
1339,4162.773981
1340,4835.853446
1341,2661.289537
1342,5309.567412
1343,4510.046787
1344,4408.427438
1345,4743.578556
1346,2347.485831
1347,4248.876876
1348,3728.83973
1349,3612.971103
1350,4640.667309
1351,3698.975726
1352,2555.151822
1353,2557.35588
1354,4274.818218
1355,4889.657198
1356,4868.590863
1357,4829.765178
1358,3426.395365
1359,4289.170078
1360,3076.879126
1361,3102.916491
1362,3366.012418
1363,3219.198378
1364,4295.585447
1365,4216.752183
1366,6146.079034
1367,4139.357471
1368,4074.896941
1369,2965.681242
1370,2510.500637
1371,2217.963601
1372,3320.023588
1373,2707.209359
1374,5074.674713
1375,3981.94047
1376,4302.144444
1377,4234.623268
1378,4751.750154
1379,3341.246163
1380,4270.987569
1381,2882.887183
1382,4325.379017
1383,3281.518857
1384,3677.871668
1385,3230.493221
1386,5903.67388
1387,2886.887911
1388,6027.422279
1389,3981.585993
1390,3094.07907
1391,4367.96652
1392,4650.011774
1393,2793.560421
1394,5310.962176
1395,4010.283695
1396,5401.100024
1397,4196.963053
1398,3584.302949
1399,3282.589152
1400,2645.80711
1401,4150.907872
1402,3084.670828
1403,4120.804618
1404,5447.716029
1405,4264.079719
1406,2934.715841
1407,3400.193517
1408,4529.863091
1409,3224.763103
1410,4201.868239
1411,2238.221856
1412,4462.082053
1413,4895.030777
1414,3825.203931
1415,3953.97149
1416,3544.840801
1417,3786.404448
1418,4274.608294
1419,3326.0162
1420,4445.814786
1421,4313.801628
1422,3776.428173
1423,3363.940499
1424,4500.504705
1425,5238.874886
1426,3780.572559
1427,3640.254759
1428,4001.054785
1429,4795.092778
1430,5263.68004
1431,4369.350396
1432,2975.447255
1433,2769.286431
1434,4758.045459
1435,2964.591133
1436,3002.599496
1437,2964.828981
1438,2868.017985
1439,3415.872025
1440,4177.126379
1441,3201.626004
1442,3685.993044
1443,4164.33686
1444,4529.911159
1445,3849.593315
1446,3264.801454
1447,2449.385467
1448,5099.170161
1449,2267.092027
1450,4169.698205
1451,4479.202225
1452,5684.737229
1453,5027.145557
1454,4211.411104
1455,3862.554759
1456,3740.129863
1457,4055.765231
1458,3291.640098
1459,4474.026836
1460,3915.476097
1461,5669.372934
1462,3647.153343
1463,4208.528667
1464,4807.603199
1465,4345.303361
1466,5562.362275
1467,5210.3281
1468,2496.599358
1469,4782.280287
1470,3417.016322
1471,5775.619232
1472,4320.151512
1473,3508.100639
1474,3527.65925
1475,3667.09492
1476,3576.756757
1477,3120.540282
1478,2149.492809
1479,3687.004006
1480,4224.945108
1481,4350.562897
1482,3905.280917
1483,4397.759741
1484,4467.274841
1485,4166.937664
1486,3178.325437
1487,3033.711878
1488,3754.869317
1489,3699.689319
1490,6389.666245
1491,4143.856139
1492,4135.102379
1493,5324.549786
1494,3652.348925
1495,3242.815696
1496,3042.614213
1497,3974.53013
1498,3444.796114
1499,2164.679704
1500,3555.092915
1501,3036.614899
1502,2327.724626
1503,3542.933157
1504,4065.62058
1505,3838.542473
1506,3333.108644
1507,3538.021289
1508,2936.370067
1509,4620.536562
1510,4235.331519
1511,3824.646107
1512,3424.646073
1513,2713.616566
1514,3834.34771
1515,3675.824935
1516,5110.22752
1517,4065.931248
1518,3889.804478
1519,4812.607177
1520,3227.335174
1521,3626.222338
1522,3981.668189
1523,4969.498201
1524,3581.467084
1525,4174.037891
1526,4806.879562
1527,3639.552377
1528,2767.183401
1529,4543.731714
1530,2170.972275
1531,4141.637236
1532,3771.400842
1533,2984.126275
1534,4708.480769
1535,4590.938006
1536,3105.187409
1537,5371.132788
1538,3713.925603
1539,4222.433789
1540,4815.274213
1541,4020.170691
1542,3719.295381
1543,3488.493658
1544,4631.980507
1545,3861.681497
1546,3813.09015
1547,3900.77386
1548,4792.012765
1549,3324.030944
1550,3641.785415
1551,3262.265968
1552,3339.221002
1553,4958.475369
1554,3565.623518
1555,5456.808104
1556,3905.656833
1557,2128.352074
1558,3662.193956
1559,3788.361104
1560,3872.767936
1561,6423.482448
1562,2961.031459
1563,3522.22359
1564,2509.949135
1565,4433.357196
1566,4719.543422
1567,3648.586645
1568,2921.281519
1569,4416.164795
1570,3018.991252
1571,5114.787868
1572,5141.75468
1573,5201.666135
1574,4755.244221
1575,4199.063745
1576,4971.871622
1577,4237.77487
1578,3421.89002
1579,5149.682505
1580,3923.401831
1581,3056.406991
1582,6158.645696
1583,4671.451741
1584,3159.774043
1585,3360.351847
1586,4612.325231
1587,3748.415587
1588,3955.324335
1589,2134.765487
1590,5368.600112
1591,4673.849936
1592,4079.654847
1593,4761.45892
1594,4001.304138
1595,1028.128176
1596,3516.944662
1597,4230.319615
1598,3703.227343
1599,4895.632826
1600,4600.64436
1601,3838.875434
1602,3569.79329
1603,3078.133574
1604,3589.066844
1605,4522.368532
1606,4081.202288
1607,4227.188358
1608,4507.538653
1609,2557.834357
1610,2980.635876
1611,4206.320795
1612,7793.122009
1613,2550.424129
1614,4423.593798
1615,3830.267128
1616,3664.460432
1617,3972.652059
1618,4898.317301
1619,4900.129211
1620,4433.929202
1621,3790.417391
1622,3263.665711
1623,3054.75771
1624,3557.477819
1625,5278.846901
1626,4456.993341
1627,4518.172037
1628,4775.352723
1629,4182.316353
1630,3221.620971
1631,4327.907371
1632,4245.308758
1633,4590.533581
1634,4401.188192
1635,3261.109921
1636,2829.8985
1637,4500.528436
1638,5489.924793
1639,3823.990776
1640,5065.332919
1641,4192.593787
1642,2931.985792
1643,5270.48333
1644,3137.880647
1645,2919.565566
1646,4619.746243
1647,4246.517418
1648,3941.396854
1649,6336.545936
1650,4358.857269
1651,1947.932624
1652,4405.547804
1653,3987.355727
1654,3820.579661
1655,2359.535616
1656,5073.605268
1657,1807.937646
1658,3938.300827
1659,4175.680292
1660,4036.707979
1661,3448.936096
1662,3937.939683
1663,3513.182686
1664,5169.111214
1665,3517.555953
1666,3133.102937
1667,5441.67732
1668,4853.850069
1669,2979.810759
1670,4036.40897
1671,4713.027745
1672,4688.365926
1673,2973.253953
1674,3354.091199
1675,3148.935725
1676,2921.058298
1677,2647.320141
1678,4174.459382
1679,6085.493928
1680,5205.689385
1681,3478.789755
1682,3822.754058
1683,2486.436719
1684,3120.777806
1685,4068.134212
1686,4665.936774
1687,4253.488056
1688,4232.560806
1689,3846.252971
1690,3102.272721
1691,4781.19637
1692,3700.281192
1693,3822.019741
1694,4798.958246
1695,4270.841939
1696,3331.518199
1697,2900.60013
1698,3301.963228
1699,5080.748735
1700,3346.897362
1701,2044.86698
1702,3962.932047
1703,5257.922892
1704,2398.397337
1705,5014.049118
1706,2143.353731
1707,5827.007536
1708,4401.43711
1709,5185.507319
1710,3235.765844
1711,4554.057587
1712,3516.142101
1713,4997.271786
1714,2338.03906
1715,3077.582751
1716,4271.452166
1717,6751.802167
1718,4570.730106
1719,4545.350989
1720,5520.17761
1721,3257.099625
1722,3317.385201
1723,4887.163129
1724,3717.194393
1725,2146.321441
1726,3904.579482
1727,4472.322723
1728,2632.727994
1729,3605.144702
1730,3836.401334
1731,4199.419098
1732,2747.100584
1733,3931.713295
1734,3098.11013
1735,3051.379043
1736,4153.453284
1737,4570.18939
1738,2313.399439
1739,4613.532325
1740,4667.425816
1741,4568.494149
1742,4073.670045
1743,4924.62462
1744,4544.304482
1745,3965.895181
1746,4246.724268
1747,4583.295239
1748,3263.499295
1749,3700.354754
1750,3908.445991
1751,3407.341933
1752,4147.352775
1753,4129.06463
1754,3944.87267
1755,3143.362932
1756,6736.943291
1757,3643.84964
1758,5425.480143
1759,4402.54337
1760,3050.547274
1761,4289.993776
1762,4334.109019
1763,3683.775778
1764,5932.041981
1765,2680.308724
1766,5038.208979
1767,3149.107041
1768,3986.355812
1769,5012.149409
1770,4677.763159
1771,3656.253634
1772,4537.895479
1773,4487.164949
1774,5493.977233
1775,4517.28763
1776,2241.204771
1777,2828.616596
1778,4999.565517
1779,4479.132538
1780,2691.343044
1781,5066.720866
1782,3497.610874
1783,2848.397904
1784,5420.457465
1785,3869.600679
1786,5262.4802
1787,4668.552771
1788,3800.205073
1789,3069.59219
1790,3801.986314
1791,3225.76362
1792,3731.462184
1793,5594.483337
1794,5925.987691
1795,4633.092085
1796,2414.498848
1797,3980.685191
1798,3804.785515
1799,3969.549544
1800,4497.649651
1801,3481.39668
1802,4452.66867
1803,2803.208428
1804,2982.652405
1805,3644.945351
1806,3829.06051
1807,4941.891384
1808,4861.891119
1809,3321.73474
1810,4945.011369
1811,4323.374328
1812,3534.495398
1813,3534.83091
1814,4716.851823
1815,5296.982512
1816,2858.642807
1817,4582.850646
1818,3363.735674
1819,4397.903628
1820,4874.637049
1821,2140.664947
1822,3876.133696
1823,4809.357328
1824,3337.898193
1825,3252.747341
1826,3709.384426
1827,5417.538537
1828,4525.200526
1829,5072.156478
1830,3717.91737
1831,5081.073615
1832,3474.035108
1833,4384.815981
1834,4443.811411
1835,4304.585406
1836,2585.594292
1837,2810.409419
1838,3930.096514
1839,3258.711238
1840,2816.493611
1841,3658.629375
1842,2520.419724
1843,4296.298393
1844,3333.169105
1845,5286.191094
1846,3584.90542
1847,5387.602777
1848,5506.058707
1849,4244.185741
1850,4153.450887
1851,4076.770327
1852,3225.697338
1853,3414.234595
1854,4753.313238
1855,3608.884417
1856,3370.855028
1857,4372.918246
1858,4726.898038
1859,4696.386357
1860,2288.356571
1861,4614.783679
1862,4501.030443
1863,2456.666823
1864,3852.802847
1865,3471.771886
1866,4363.404146
1867,4005.422686
1868,4142.053491
1869,2764.82531
1870,4242.000047
1871,3225.781062
1872,3766.978142
1873,4650.088164
1874,3644.198568
1875,5101.034509
1876,5004.780272
1877,5622.625415
1878,5455.165874
1879,3965.591894
1880,2952.271488
1881,3710.812481
1882,2934.767191
1883,4972.477288
1884,4306.924755
1885,3750.587845
1886,3662.474248
1887,4599.146385
1888,2910.140287
1889,1750.136208
1890,4156.844573
1891,5490.426056
1892,5195.483156
1893,3251.683133
1894,4534.473043
1895,5428.71179
1896,3572.493079
1897,3739.50956
1898,3580.784875
1899,3397.014537
1900,3254.078416
1901,2750.803141
1902,4287.593968
1903,5156.977584
1904,4444.902295
1905,2560.121553
1906,2980.235768
1907,2948.36636
1908,2502.700718
1909,6228.557612
1910,5886.521652
1911,4421.000827
1912,2810.297706
1913,2885.527018
1914,2720.577954
1915,3875.874668
1916,3734.384073
1917,5341.280046
1918,5524.499579
1919,4286.489786
1920,4677.07776
1921,2786.3653
1922,4330.47865
1923,3887.98438
1924,4115.687734
1925,4749.609575
1926,4888.883023
1927,5241.978394
1928,2285.381038
1929,3548.446433
1930,3848.334577
1931,3177.022502
1932,4183.142333
1933,3421.621428
1934,3110.861853
1935,4329.275539
1936,3419.514234
1937,3467.193074
1938,3421.547972
1939,5686.695292
1940,4299.522849
1941,3650.523341
1942,4942.83431
1943,4383.754105
1944,4217.753224
1945,1999.229449
1946,3232.141306
1947,3875.433008
1948,4798.86801
1949,4459.838672
1950,3672.38208
1951,1574.317618
1952,3551.836914
1953,5066.807473
1954,5053.334929
1955,2703.029566
1956,3980.03631
1957,3968.392329
1958,4568.179066
1959,4116.486449
1960,3458.040683
1961,5933.202799
1962,4304.720672
1963,3918.352075
1964,3071.01247
1965,2651.083055
1966,3671.915013
1967,3077.266474
1968,4417.201935
1969,3399.864392
1970,2455.71828
1971,5223.178323
1972,3596.133293
1973,4220.886084
1974,4726.362356
1975,3857.722829
1976,4253.317241
1977,5138.281415
1978,3375.779684
1979,3221.738024
1980,3013.476617
1981,4698.697784
1982,5027.368341
1983,3354.02296
1984,3249.513741
1985,4886.466873
1986,4917.311521
1987,2687.734168
1988,2500.56431
1989,4761.66706
1990,4263.060038
1991,4707.759976
1992,4520.657509
1993,4921.987623
1994,3233.089066
1995,4231.157298
1996,3067.542008
1997,5582.962343
1998,3677.394851
1999,5172.85146
2000,2894.242687
2001,2196.624542
2002,5518.274841
2003,3998.892008
2004,4047.534148
2005,6254.16205
2006,3824.936221
2007,4076.227938
2008,3650.53926
2009,4841.692191
2010,4587.036524
2011,5012.440104
2012,5069.309831
2013,5115.090114
2014,3565.93863
2015,5081.548511
2016,3181.528348
2017,2304.365246
2018,3407.990531
2019,3676.314735
2020,5142.913807
2021,4425.737679
2022,5207.447488
2023,3126.158381
2024,4071.852669
2025,6254.492795
2026,5398.033112
2027,3434.491061
2028,3819.813086
2029,5873.200353
2030,3849.27086
2031,3831.237933
2032,4150.549752
2033,4137.192585
2034,4022.322572
2035,3578.412511
2036,4070.050096
2037,3176.243395
2038,4688.783531
2039,4307.137502
2040,3976.210075
2041,3612.668968
2042,4319.691697
2043,5241.724378
2044,3434.925435
2045,4165.671235
2046,4368.259054
2047,4288.661874
2048,5346.982532
2049,3438.763936
2050,5414.864349
2051,4451.284784
2052,4543.064308
2053,4623.666983
2054,4666.550457
2055,4986.739627
2056,5012.54707
2057,3876.301282
2058,4885.632253
2059,4431.392626
2060,3895.504283
2061,2492.105334
2062,1467.390477
2063,5376.257213
2064,4714.739021
2065,2428.619572
2066,3188.959775
2067,4291.261311
2068,5147.188029
2069,1909.487789
2070,5168.638305
2071,3910.935644
2072,4123.730118
2073,3920.621948
2074,3415.200496
2075,4697.62628
2076,4596.348423
2077,3986.320425
2078,4500.341042
2079,3469.138567
2080,3627.466586
2081,5081.579619
2082,5372.263474
2083,3174.895685
2084,4804.803408
2085,3815.708502
2086,5963.47123
2087,4225.615821
2088,4329.15611
2089,3910.77187
2090,4770.240626
2091,4033.766325
2092,3589.014466
2093,3903.096815
2094,4950.207179
2095,4226.379508
2096,3085.868699
2097,4120.694663
2098,3567.789467
2099,5899.648211
2100,3073.302043
2101,4247.34878
2102,4299.770543
2103,3494.532587
2104,4438.628797
2105,4903.937879
2106,4141.353491
2107,4844.695843
2108,5231.38634
2109,5836.95513
2110,4087.533621
2111,4143.112156
2112,3653.324461
2113,3408.708954
2114,4834.14633
2115,3958.266759
2116,2928.790774
2117,3325.875509
2118,4850.717321
2119,4905.055263
2120,6116.90313
2121,4191.944607
2122,3312.517991
2123,2942.531173
2124,4641.129138
2125,4131.26253
2126,3688.857859
2127,4236.890922
2128,4334.388709
2129,2532.998364
2130,4268.719853
2131,3244.06113
2132,3719.004172
2133,3693.036916
2134,4319.938437
2135,4849.216229
2136,4371.141685
2137,7045.199284
2138,2017.964382
2139,3605.827417
2140,4042.181685
2141,3164.281726
2142,4374.387929
2143,2449.625859
2144,4711.871104
2145,3455.084855
2146,2418.710349
2147,3905.05533
2148,3929.263142
2149,4187.153371
2150,5424.739111
2151,4841.439237
2152,5004.667688
2153,4474.885078
2154,3810.758625
2155,4030.229327
2156,3685.224731
2157,3109.435245
2158,5341.400733
2159,4694.151739
2160,4981.73797
2161,4245.264813
2162,4600.291052
2163,4468.171185
2164,5281.858608
2165,3688.532811
2166,4290.615385
2167,4713.537436
2168,2779.256967
2169,4397.496497
2170,4662.010282
2171,3709.570626
2172,4391.003391
2173,3590.641963
2174,5176.766571
2175,5209.2527
2176,4740.060753
2177,3434.69647
2178,4803.90722
2179,3481.92334
2180,4480.944095
2181,5237.785964
2182,4044.698616
2183,5792.844586
2184,4923.090454
2185,4457.886991
2186,5609.069314
2187,4704.08457
2188,3934.901968
2189,3376.610821
2190,5070.077046
2191,4478.456794
2192,5969.014437
2193,4584.062743
2194,3944.766166
2195,2663.108744
2196,3916.391378
2197,4056.81726
2198,3961.940428
2199,2811.009331
2200,3589.31233
2201,5132.453865
2202,3764.039768
2203,4371.864367
2204,3869.431816
2205,4872.967637
2206,3194.192071
2207,2833.212109
2208,4957.771476
2209,5639.046658
2210,4663.492451
2211,5149.324548
2212,5283.150058
2213,4616.895898
2214,3480.996525
2215,4726.614352
2216,3269.32998
2217,4986.122354
2218,3915.0335
2219,4055.816583
2220,3466.744456
2221,4157.633357
2222,3399.112033
2223,4585.642089
2224,5096.545286
2225,3340.364101
2226,5421.801379
2227,4717.145305
2228,3531.312402
2229,4085.520257
2230,4892.228007
2231,4525.760914
2232,4195.90632
2233,4382.706725
2234,4439.036881
2235,2896.953532
2236,3796.485396
2237,4851.701549
2238,4704.669343
2239,5193.853743
2240,3408.206662
2241,3016.896238
2242,3599.381246
2243,2957.322445
2244,3821.016579
2245,2934.950319
2246,3906.592472
2247,4653.67521
2248,2194.087863
2249,3659.250996
2250,6678.197826
2251,3588.714104
2252,2788.675262
2253,4536.649337
2254,4647.470616
2255,4215.435192
2256,4014.121199
2257,3755.634936
2258,4160.285876
2259,5277.637296
2260,5095.098848
2261,3328.338766
2262,3160.715697
2263,5545.606387
2264,3666.394107
2265,2653.729549
2266,5179.969751
2267,2045.016568
2268,4623.478776
2269,3261.832914
2270,5503.023643
2271,4229.259565
2272,4629.782583
2273,3964.116298
2274,3668.340478
2275,4116.822988
2276,3664.719718
2277,3971.728575
2278,4783.808255
2279,3374.317656
2280,2675.425178
2281,3865.799407
2282,4097.119028
2283,4454.887832
2284,4222.887714
2285,3859.533576
2286,5562.901123
2287,6044.786496
2288,3441.306975
2289,3075.062038
2290,3434.258523
2291,4179.782023
2292,5856.485465
2293,5374.622318
2294,5203.245478
2295,3919.99871
2296,4189.102146
2297,3543.044273
2298,3965.877572
2299,3587.296
2300,4904.014043
2301,4195.467889
2302,4141.201299
2303,5030.864897
2304,4079.79291
2305,3821.267214
2306,4174.800192
2307,2593.673401
2308,3709.900211
2309,6378.46681
2310,4328.89004
2311,5167.246779
2312,4644.506598
2313,3767.390975
2314,3307.313249
2315,5318.788268
2316,4683.580034
2317,2005.822707
2318,3146.265916
2319,3537.875692
2320,6963.724114
2321,3654.344583
2322,3976.248489
2323,3502.0489
2324,3216.202678
2325,4771.396518
2326,4806.13447
2327,2710.383768
2328,5655.764207
2329,5203.868088
2330,4821.855281
2331,4565.262029
2332,3859.434685
2333,4345.612733
2334,3757.840017
2335,3077.610149
2336,5102.475091
2337,2990.475744
2338,5377.209831
2339,3888.599776
2340,3577.174351
2341,6952.42728
2342,4030.877328
2343,3177.47818
2344,4273.72213
2345,4852.375761
2346,2627.425067
2347,4478.746564
2348,5056.744921
2349,4913.382473
2350,4330.447938
2351,4400.008336
2352,3235.469732
2353,5036.893375
2354,2986.144148
2355,5547.178591
2356,5179.600924
2357,4852.055567
2358,4854.824161
2359,5837.13818
2360,2404.594184
2361,5535.825629
2362,4541.569129
2363,4369.436013
2364,4526.786072
2365,4485.922064
2366,3859.45671
2367,4312.705847
2368,4579.906457
2369,4462.135437
2370,4014.671627
2371,5538.942067
2372,3682.323893
2373,3861.228158
2374,4482.315387
2375,4513.225842
2376,4427.805635
2377,3235.754767
2378,4654.663496
2379,5098.634454
2380,3824.459242
2381,4855.333479
2382,3859.239463
2383,3114.850826
2384,2676.070559
2385,4018.856555
2386,4322.512945
2387,3759.937598
2388,5499.907642
2389,5496.156345
2390,4179.398306
2391,4925.652224
2392,4024.739446
2393,4376.624539
2394,4329.580056
2395,5209.885008
2396,3714.608333
2397,3978.999755
2398,4346.861377
2399,3294.076449
2400,6007.627734
2401,5623.966705
2402,3930.379515
2403,3755.398705
2404,3607.102824
2405,4264.172549
2406,4649.831219
2407,6519.595545
2408,5813.385641
2409,3337.686965
2410,3543.529583
2411,3798.660717
2412,4605.255227
2413,5651.421665
2414,5204.842648
2415,4795.030697
2416,3307.34923
2417,3557.841832
2418,4960.345348
2419,3391.977669
2420,4104.631789
2421,4298.609461
2422,4894.874506
2423,3174.199619
2424,3605.94468
2425,5794.180994
2426,4132.490105
2427,4901.532641
2428,5428.273618
2429,5976.050896
2430,4203.404376
2431,4933.838312
2432,3193.990919
2433,3755.726044
2434,5408.682867
2435,4292.558117
2436,3733.825057
2437,5121.621131
2438,5090.831948
2439,4794.022886
2440,3267.244048
2441,5079.383214
2442,3977.025759
2443,4195.070428
2444,4750.185144
2445,3763.807221
2446,6127.409275
2447,6308.919782
2448,3984.209948
2449,5464.320263
2450,6093.099522
2451,2897.447933
2452,2339.114075
2453,5689.635512
2454,3614.534506
2455,5183.722712
2456,4162.705705
2457,5513.271671
2458,4470.301404
2459,4035.274206
2460,4228.464416
2461,6268.329092
2462,3537.005753
2463,2624.019928
2464,4391.267608
2465,2105.344985
2466,4150.947052
2467,6049.550485
2468,5250.730901
2469,3284.090955
2470,3755.837485
2471,4842.86534
2472,4046.59414
2473,3454.158459
2474,4914.781039
2475,2666.785905
2476,3662.055131
2477,3221.042442
2478,2511.737519
2479,5423.705443
2480,5746.63164
2481,2921.64508
2482,4195.004258
2483,5561.990722
2484,3346.216259
2485,3973.498401
2486,3637.951313
2487,5162.710287
2488,5157.011435
2489,5444.489881
2490,5061.494078
2491,3027.060056
2492,4958.870492
2493,5407.292855
2494,3174.772683
2495,3286.375629
2496,3148.556664
2497,3922.401844
2498,5493.012762
2499,4616.884273
2500,4744.677799
2501,5080.792275
2502,4406.285244
2503,3751.872533
2504,4034.467841
2505,4783.354458
2506,4361.376116
2507,4008.833035
2508,3878.125143
2509,5675.02018
2510,3103.780339
2511,3973.710857
2512,4031.053876
2513,4690.530966
2514,3980.980878
2515,4644.643891
2516,3574.029718
2517,3749.246519
2518,3968.817044
2519,4251.385023
2520,2823.44818
2521,5419.550369
2522,3901.716741
2523,3797.498327
2524,5395.838656
2525,3559.604572
2526,3593.612371
2527,4968.892727
2528,5004.960847
2529,4318.746498
2530,4171.801676
2531,4112.137009
2532,4305.168406
2533,3485.61569
2534,5661.150229
2535,3690.565837
2536,3389.428958
2537,2896.624439
2538,5335.137355
2539,4142.909105
2540,4575.406776
2541,3879.044977
2542,3458.323926
2543,3902.995162
2544,3466.32167
2545,4873.21501
2546,5229.917176
2547,4130.22888
2548,4425.747404
2549,6842.409868
2550,2201.872929
2551,2809.189191
2552,4126.84839
2553,3644.566678
2554,6432.321801
2555,4181.317598
2556,3682.656478
2557,4276.48058
2558,3524.964607
2559,2440.878291
2560,5833.146489
2561,3763.139737
2562,4871.338476
2563,3166.091025
2564,4421.7374
2565,4410.258579
2566,4977.099544
2567,5244.512558
2568,5280.228037
2569,5010.179302
2570,5853.287052
2571,2928.852917
2572,2273.324272
2573,6448.288546
2574,3942.731233
2575,3808.569004
2576,3534.909798
2577,2863.603502
2578,4901.057766
2579,4801.806555
2580,2524.898631
2581,3988.605556
2582,3004.410851
2583,4151.103522
2584,4667.91683
2585,3994.75967
2586,5397.34891
2587,4445.679778
2588,4354.486919
2589,4344.615413
2590,5247.935837
2591,4285.811691
2592,4255.704903
2593,4028.930283
2594,4759.496414
2595,4557.02147
2596,4580.454134
2597,4880.020956
2598,3527.001216
2599,5552.152466
2600,4531.228283
2601,3971.890728
2602,4385.437967
2603,4425.571073
2604,4862.126453
2605,4826.040172
2606,5999.4593
2607,4920.911897
2608,4278.099291
2609,4159.318116
2610,4357.665068
2611,4129.094302
2612,5208.91403
2613,4156.697401
2614,3775.043594
2615,4317.225006
2616,2829.49328
2617,2787.100821
2618,4723.904596
2619,3602.383617
2620,5079.419117
2621,3821.532849
2622,3845.928294
2623,3696.595952
2624,4134.335943
2625,3956.854409
2626,4599.067174
2627,3706.483114
2628,3157.091903
2629,4371.199142
2630,4002.740101
2631,5108.98051
2632,2666.118168
2633,4283.032542
2634,3208.671288
2635,4035.056368
2636,2358.681854
2637,3431.700024
2638,4195.276746
2639,4194.62627
2640,5314.941663
2641,4417.599233
2642,4667.558801
2643,5152.280328
2644,4327.874241
2645,4964.47871
2646,4732.124409
2647,3635.45899
2648,3558.663898
2649,4499.049572
2650,3985.519898
2651,4796.276627
2652,3203.644885
2653,3818.372934
2654,3905.307843
2655,4789.2725
2656,4791.211878
2657,5159.550696
2658,3899.468915
2659,3905.225185
2660,3699.130552
2661,3887.259526
2662,4341.41227
2663,2462.527162
2664,3121.393764
2665,4642.870001
2666,3751.651539
2667,5523.410625
2668,3841.626817
2669,4983.559838
2670,4918.415085
2671,6406.167705
2672,3342.865661
2673,4113.43083
2674,5449.415395
2675,6026.437315
2676,4600.556728
2677,3790.060499
2678,4555.874344
2679,4661.100778
2680,3621.382749
2681,4564.462927
2682,3264.056729
2683,5177.682461
2684,5005.562361
2685,4952.539432
2686,3880.856593
2687,4534.871641
2688,3860.916437
2689,4636.967611
2690,4082.278702
2691,3576.959228
2692,4165.285514
2693,5206.69758
2694,3809.81519
2695,5208.832159
2696,5428.993192
2697,4816.244669
2698,3304.119855
2699,4020.69867
2700,5478.519318
2701,5111.576175
2702,3516.238952
2703,4331.181846
2704,3414.147396
2705,5989.793246
2706,4264.020372
2707,4088.708611
2708,2802.603981
2709,3680.373238
2710,4060.570421
2711,3803.47755
2712,2633.377337
2713,4016.243327
2714,4325.305118
2715,5357.346474
2716,5378.265217
2717,3561.169623
2718,4662.970287
2719,3504.910363
2720,5544.773547
2721,2199.755751
2722,4612.197282
2723,3213.779721
2724,3448.884961
2725,4359.587356
2726,4765.920424
2727,5434.915929
2728,4308.801533
2729,4555.796145
2730,3893.718628
2731,4208.983324
2732,3401.480409
2733,4680.641798
2734,3820.850327
2735,2886.202426
2736,4611.482121
2737,4549.07999
2738,3375.70116
2739,4155.281103
2740,4656.784681
2741,5120.622951
2742,4459.309442
2743,4173.773469
2744,5209.314234
2745,5153.348097
2746,4194.172069
2747,4148.547311
2748,4931.043737
2749,4185.473763
2750,3261.397926
2751,3503.709939
2752,4298.120844
2753,4391.763741
2754,3512.481954
2755,4565.045923
2756,4671.82663
2757,3309.44673
2758,5313.971276
2759,4194.658057
2760,3881.766777
2761,4078.501953
2762,4156.142559
2763,4120.797604
2764,6395.555847
2765,4025.108018
2766,5088.438821
2767,4334.557008
2768,3408.794132
2769,6235.913869
2770,5249.18824
2771,3643.399622
2772,3958.852658
2773,3458.566519
2774,3700.156779
2775,4629.474233
2776,3995.617238
2777,3800.548098
2778,5271.043708
2779,4224.21379
2780,4444.201847
2781,5445.709817
2782,5475.841392
2783,3495.429566
2784,4697.95136
2785,4618.060948
2786,3498.06122
2787,4489.125118
2788,4192.182695
2789,5774.796453
2790,5065.288532
2791,4198.228094
2792,5411.37615
2793,4313.220177
2794,3674.173647
2795,4841.525971
2796,3631.118836
2797,5078.935136
2798,4563.864277
2799,4203.989695
2800,6142.014437
2801,5560.660394
2802,5680.555567
2803,4960.939876
2804,3888.481964
2805,3718.087309
2806,4651.339424
2807,3444.580777
2808,3462.718126
2809,4618.709458
2810,3868.172637
2811,3675.932895
2812,2839.005519
2813,3095.168264
2814,4276.605831
2815,3339.382581
2816,4176.029112
2817,3202.934909
2818,5610.506564
2819,4181.209387
2820,3919.067856
2821,3591.372431
2822,5553.007737
2823,5224.360441
2824,5336.996807
2825,3491.83834
2826,4898.805412
2827,4481.862956
2828,3009.5286
2829,3605.676728
2830,4595.911722
2831,4083.767695
2832,4462.757059
2833,3731.780773
2834,4704.899819
2835,2862.54478
2836,2222.475797
2837,5239.186957
2838,3412.887343
2839,3880.253768
2840,4260.306417
2841,3911.88408
2842,5063.083126
2843,4658.110922
2844,4921.740713
2845,3841.768036
2846,4276.786221
2847,4838.081336
2848,4866.386975
2849,3817.491953
2850,4988.018194
2851,5270.715863
2852,3205.251317
2853,3510.049507
2854,5194.47786
2855,4121.144813
2856,4377.18237
2857,3917.150745
2858,5470.632358
2859,4280.940221
2860,3844.95051
2861,3785.698939
2862,4144.257928
2863,3208.054439
2864,4556.361462
2865,3828.214553
2866,5418.026104
2867,5996.941249
2868,3441.411842
2869,5062.421549
2870,4711.830006
2871,4000.42107
2872,4792.224764
2873,5270.321502
2874,4413.219581
2875,4919.714459
2876,4558.34089
2877,4118.711786
2878,3576.559298
2879,4583.479619
2880,2808.942235
2881,4717.919605
2882,2943.350554
2883,5245.399408
2884,5072.194705
2885,1605.59347
2886,4814.99217
2887,5820.397425
2888,4939.443034
2889,2491.949061
2890,3572.028439
2891,4162.415667
2892,4275.409477
2893,4788.183386
2894,4625.476883
2895,2902.345596
2896,3576.371746
2897,4765.645258
2898,3946.085574
2899,3992.770138
2900,3994.597939
2901,3521.57232
2902,4468.177142
2903,4337.745567
2904,3441.240028
2905,4928.27878
2906,4442.953424
2907,4366.747148
2908,4731.921181
2909,4048.629369
2910,4648.934486
2911,4543.333081
2912,5769.827124
2913,4459.55939
2914,4465.379151
2915,4767.012957
2916,3873.073707
2917,5646.241345
2918,5025.761254
2919,4771.78908
2920,5258.924786
2921,3391.951889
2922,4234.708148
2923,3525.51357
2924,4571.672585
2925,2684.952849
2926,5430.025747
2927,5180.493644
2928,4569.413757
2929,5281.163918
2930,6661.82372
2931,4785.483464
2932,5047.352812
2933,4156.556344
2934,4521.338747
2935,6204.644005
2936,5555.221292
2937,4541.869644
2938,4204.54477
2939,5213.646612
2940,4524.192389
2941,4907.579528
2942,3986.982293
2943,3671.297222
2944,4990.273561
2945,3074.909041
2946,3308.928514
2947,4633.726888
2948,4788.558215
2949,6391.184507
2950,4656.22198
2951,3711.102171
2952,4640.716578
2953,4457.866264
2954,3312.523961
2955,4168.437863
2956,4361.117023
2957,3735.584594
2958,4602.617069
2959,4228.927703
2960,4051.945509
2961,3982.358493
2962,3876.235373
2963,4498.865248
2964,4166.650355
2965,5003.630353
2966,3268.775137
2967,4672.962786
2968,3204.457657
2969,4696.916399
2970,4157.7274
2971,5120.909202
2972,3413.775306
2973,5040.21035
2974,4746.787203
2975,4493.469171
2976,4069.494042
2977,4042.963274
2978,4509.435548
2979,3937.498665
2980,6048.107661
2981,5228.704114
2982,4709.950897
2983,4061.74524
2984,3131.552365
2985,2782.448272
2986,3542.572051
2987,3875.006334
2988,4578.302528
2989,4875.244225
2990,2025.672801
2991,1784.434397
2992,3246.664315
2993,3961.220711
2994,5827.933603
2995,5125.448983
2996,4010.716998
2997,4083.673373
2998,3805.343147
2999,4339.750137
3000,6234.493087
3001,4188.124763
3002,5892.078006
3003,4650.369431
3004,4992.041062
3005,3434.242732
3006,2241.432923
3007,3800.222803
3008,2980.755746
3009,4282.759701
3010,3894.985721
3011,4800.662053
3012,4411.965837
3013,5289.19785
3014,3246.452909
3015,5022.46497
3016,4113.056172
3017,4748.865672
3018,3419.423058
3019,4725.759597
3020,2590.44218
3021,4973.460594
3022,5492.240265
3023,5216.296448
3024,4870.694193
3025,4585.169934
3026,3656.833383
3027,4343.787991
3028,4314.792056
3029,5300.28643
3030,4843.761641
3031,3907.476508
3032,4686.969038
3033,3969.011757
3034,3200.904364
3035,4430.738222
3036,4616.392501
3037,4586.307105
3038,5226.425065
3039,3564.479974
3040,4417.233658
3041,5325.623268
3042,4485.977713
3043,5631.099092
3044,4702.199747
3045,4944.977313
3046,3159.015531
3047,6196.70194
3048,5526.561135
3049,3817.946229
3050,4637.055881
3051,4353.901558
3052,2833.286763
3053,3577.702414
3054,4467.195353
3055,6297.640367
3056,5351.560024
3057,5635.562219
3058,4237.940982
3059,4484.290116
3060,3071.672618
3061,3483.032354
3062,4757.921367
3063,3189.271354
3064,4279.960232
3065,3008.257648
3066,5346.098675
3067,2796.188164
3068,2823.00154
3069,4410.367049
3070,5027.140588
3071,6042.941124
3072,3043.796144
3073,4889.241777
3074,5694.293876
3075,3585.712735
3076,5403.770809
3077,4267.458289
3078,4994.838828
3079,4667.156702
3080,4634.366489
3081,4914.929498
3082,4067.900696
3083,4927.787562
3084,4020.085068
3085,4527.908736
3086,4248.983076
3087,3962.924476
3088,4289.920296
3089,3789.26099
3090,3615.16007
3091,4483.215604
3092,6362.386555
3093,5914.85315
3094,4148.992486
3095,4625.831424
3096,4187.689121
3097,3270.318152
3098,4514.25366
3099,6391.458716
3100,4814.337644
3101,7005.075636
3102,4090.519872
3103,2737.398576
3104,3862.351874
3105,3403.452421
3106,4715.541175
3107,3583.879557
3108,3685.435271
3109,3722.315853
3110,6225.654113
3111,5500.74236
3112,5151.011782
3113,4090.575402
3114,3968.662217
3115,5246.598928
3116,2634.87251
3117,5200.640733
3118,4500.234323
3119,6244.280152
3120,4131.820852
3121,3838.68495
3122,5475.646168
3123,5680.987469
3124,3798.220544
3125,4664.345195
3126,4238.389298
3127,4503.929229
3128,5797.595461
3129,4288.2361
3130,4346.662129
3131,4247.187928
3132,5396.684512
3133,3219.569345
3134,5180.23131
3135,4357.276861
3136,5990.339111
3137,4777.826439
3138,4527.757131
3139,5688.611783
3140,5286.959147
3141,3447.006688
3142,4820.926302
3143,4766.275177
3144,3729.669917
3145,5189.672333
3146,4556.169738
3147,3639.062787
3148,4156.203413
3149,4974.431862
3150,5179.305723
3151,5575.92038
3152,4739.035863
3153,5129.75304
3154,3934.691438
3155,4740.118073
3156,5123.1763
3157,3342.943342
3158,3641.133036
3159,3423.012677
3160,3605.285548
3161,3180.929877
3162,5357.136358
3163,5633.343541
3164,5441.298648
3165,5027.854495
3166,4010.001159
3167,4547.437635
3168,3994.44936
3169,4790.541652
3170,4972.294452
3171,3241.515016
3172,4506.145272
3173,3328.019279
3174,4218.328364
3175,4234.419748
3176,4595.487573
3177,4322.114077
3178,5238.993356
3179,4692.672271
3180,5093.612026
3181,4741.290775
3182,5260.176265
3183,3706.550433
3184,4584.613642
3185,5859.038745
3186,4240.698514
3187,4858.53146
3188,5812.47043
3189,4497.880396
3190,5459.452297
3191,3653.549992
3192,4702.335601
3193,5226.570214
3194,5416.633276
3195,4210.31914
3196,5549.496198
3197,5898.952896
3198,4609.693523
3199,3899.444275
3200,5022.747234
3201,3771.668359
3202,5347.03051
3203,4923.801186
3204,4232.219715
3205,4725.871769
3206,3672.245863
3207,3941.958636
3208,5296.985622
3209,4028.556846
3210,3332.656105
3211,5002.82851
3212,3581.452149
3213,4890.005306
3214,3970.931342
3215,4785.239183
3216,4799.990993
3217,4030.697367
3218,2682.159601
3219,4184.73299
3220,4178.998686
3221,6016.435164
3222,4740.000531
3223,4575.49013
3224,4038.851294
3225,4186.642472
3226,3163.440808
3227,4533.04327
3228,5388.271629
3229,6140.345523
3230,4126.555761
3231,3672.891884
3232,5031.574983
3233,4173.813168
3234,5446.931955
3235,5094.431429
3236,3958.159886
3237,3258.540152
3238,3875.371344
3239,3957.051756
3240,4964.64594
3241,3798.879745
3242,4433.600767
3243,5342.229992
3244,4985.343779
3245,4815.199831
3246,4338.980266
3247,4672.720604
3248,5684.788044
3249,4388.996841
3250,5609.607214
3251,3505.07815
3252,4020.133619
3253,3980.459514
3254,5357.904586
3255,3934.376056
3256,3428.172904
3257,4334.307299
3258,4688.571921
3259,4808.984465
3260,4454.17904
3261,4049.145222
3262,4131.851132
3263,3630.087587
3264,4342.155745
3265,4782.281446
3266,4605.054098
3267,4930.763436
3268,5475.808654
3269,3933.170892
3270,4191.619895
3271,2850.240517
3272,5283.565953
3273,4645.503362
3274,4912.643287
3275,6189.081975
3276,5100.644653
3277,5442.838776
3278,5279.405868
3279,3434.398667
3280,4878.837041
3281,5292.841098
3282,3739.819682
3283,4616.566989
3284,4224.362736
3285,4612.510307
3286,4974.57201
3287,5212.109205
3288,4075.216426
3289,4880.103421
3290,5683.111656
3291,3740.442778
3292,4920.846871
3293,5384.118332
3294,3425.51582
3295,4666.755361
3296,4715.006145
3297,4827.60965
3298,4273.584506
3299,5397.346089
3300,3730.991138
3301,3164.491164
3302,4162.914053
3303,5124.431015
3304,4384.363731
3305,2401.740814
3306,5528.295869
3307,4116.980782
3308,5505.826159
3309,5084.850431
3310,4465.646224
3311,3894.621054
3312,1753.581046
3313,4021.145587
3314,5049.601653
3315,3671.645884
3316,4748.177636
3317,4252.447573
3318,3549.315178
3319,3585.362822
3320,4345.718783
3321,4566.160783
3322,4849.666445
3323,5203.177734
3324,4477.079389
3325,4455.002783
3326,4843.478637
3327,4942.929365
3328,4795.607186
3329,5040.741081
3330,4312.092894
3331,4074.918834
3332,4542.072506
3333,5271.201016
3334,3703.554613
3335,3574.19434
3336,4388.016806
3337,3429.947141
3338,4548.660363
3339,3504.858151
3340,3288.149202
3341,3702.061047
3342,5713.060005
3343,5062.785399
3344,5391.965717
3345,5174.407846
3346,5590.896393
3347,4607.698742
3348,4568.504591
3349,3935.853143
3350,3999.297137
3351,5394.684579
3352,5175.856978
3353,4591.086145
3354,3867.57467
3355,4307.502521
3356,3964.931194
3357,4882.352691
3358,5035.234253
3359,3160.857478
3360,4756.376013
3361,3347.098243
3362,5775.391428
3363,4567.473027
3364,4009.014201
3365,4283.539931
3366,4153.927382
3367,5194.516143
3368,3784.164507
3369,3513.320946
3370,4692.411688
3371,4372.247163
3372,4295.712481
3373,5812.59268
3374,4206.140917
3375,5643.275841
3376,3297.891419
3377,3172.590746
3378,5529.408905
3379,3352.067367
3380,4301.541008
3381,4644.690398
3382,2871.554763
3383,3623.107924
3384,5226.773623
3385,4489.229151
3386,3797.088563
3387,3213.184409
3388,5019.607983
3389,4439.122759
3390,4140.439492
3391,5066.033162
3392,3548.669959
3393,4157.531147
3394,3274.931892
3395,4329.124982
3396,2944.193995
3397,5235.366331
3398,4811.212257
3399,4027.221233
3400,4378.328744
3401,4098.172362
3402,4671.301105
3403,5091.682016
3404,5246.881369
3405,3554.705888
3406,2338.082656
3407,4030.097549
3408,3502.210222
3409,3707.61593
3410,5102.09947
3411,4923.60864
3412,4647.227764
3413,5883.304662
3414,5538.966541
3415,5441.056537
3416,5109.999188
3417,4199.659708
3418,3982.262147
3419,4587.718736
3420,4939.65471
3421,4744.823873
3422,3994.777257
3423,5140.005965
3424,5111.457951
3425,4481.74897
3426,4208.174888
3427,3249.569474
3428,4896.941777
3429,4591.569197
3430,3208.282412
3431,4460.299931
3432,4404.782697
3433,5525.023792
3434,4791.366584
3435,2508.94013
3436,4305.001716
3437,5990.692445
3438,2959.745907
3439,5661.241363
3440,5032.533875
3441,3392.875265
3442,3953.006979
3443,5776.824661
3444,4542.581312
3445,4894.295243
3446,4916.710576
3447,5499.835535
3448,4103.930113
3449,4505.542303
3450,4118.823622
3451,4886.599882
3452,3528.891929
3453,3507.349027
3454,5205.803673
3455,3456.181188
3456,3840.275322
3457,3046.466899
3458,4372.948254
3459,4867.470837
3460,4062.404933
3461,4808.88982
3462,4909.06071
3463,5985.629456
3464,4197.331383
3465,4031.682272
3466,4253.510775
3467,4529.183321
3468,3299.64021
3469,4254.577725
3470,3526.901454
3471,3273.260134
3472,4093.256343
3473,5717.407098
3474,4315.461506
3475,2992.791157
3476,4674.271303
3477,5398.019674
3478,5056.002549
3479,5253.923533
3480,5632.123029
3481,6234.974532
3482,4592.350148
3483,4087.660841
3484,4116.18421
3485,5128.52437
3486,5198.059731
3487,2471.140838
3488,4490.305125
3489,2979.584809
3490,3276.05442
3491,5429.350728
3492,4609.525019
3493,2940.194909
3494,4686.948801
3495,4359.423678
3496,3276.161208
3497,4893.427234
3498,5004.97011
3499,4818.553929
3500,5337.182105
3501,2883.486397
3502,3796.208353
3503,2977.640512
3504,4401.041287
3505,4775.814818
3506,4693.877464
3507,4911.866767
3508,5003.762888
3509,5337.761624
3510,3536.079185
3511,5651.118828
3512,4734.532254
3513,5449.861082
3514,5217.39427
3515,4389.709091
3516,4999.797144
3517,3867.500773
3518,4709.576804
3519,4202.783545
3520,4562.069399
3521,3379.418705
3522,5218.408628
3523,5204.498427
3524,4480.187919
3525,3113.838792
3526,4810.066425
3527,5274.447615
3528,4537.451634
3529,3636.416728
3530,4975.332632
3531,4058.04347
3532,5265.135234
3533,6394.62068
3534,4246.783798
3535,4967.865998
3536,4754.082761
3537,3437.078359
3538,6432.720241
3539,4390.317595
3540,4469.152365
3541,5193.602137
3542,4068.423486
3543,5248.333155
3544,4264.59625
3545,4283.663689
3546,5732.414111
3547,5525.688691
3548,6078.968867
3549,4853.498375
3550,5910.551146
3551,5377.073404
3552,5757.795201
3553,3666.175254
3554,4566.118585
3555,4878.690055
3556,3867.986537
3557,5472.497561
3558,4474.062385
3559,5295.936792
3560,2871.957845
3561,4957.313116
3562,4443.749177
3563,4126.838018
3564,4391.830912
3565,4877.35975
3566,3206.728388
3567,4765.569409
3568,4493.551196
3569,4299.877521
3570,4813.149135
3571,4681.865577
3572,4553.235155
3573,4306.525942
3574,3746.985913
3575,3391.44195
3576,5649.145334
3577,3768.008999
3578,4562.541407
3579,4340.403883
3580,3942.355753
3581,4549.08304
3582,5074.403445
3583,4525.179059
3584,5064.309549
3585,5403.068905
3586,3855.338241
3587,4658.367538
3588,3764.333163
3589,4661.438348
3590,3539.919975
3591,5196.913115
3592,3040.116181
3593,5459.306481
3594,4671.544839
3595,4287.423061
3596,4783.503463
3597,4022.927248
3598,3757.551591
3599,4119.72447
3600,3958.43358
3601,4472.603521
3602,4363.567534
3603,3181.709753
3604,3484.37346
3605,5913.913301
3606,3726.81494
3607,4634.77597
3608,3259.851684
3609,4714.644163
3610,3623.429086
3611,5315.258478
3612,4918.308418
3613,4032.693772
3614,4930.196811
3615,3923.980785
3616,4721.627217
3617,5611.368683
3618,4293.475097
3619,4839.182444
3620,5047.664568
3621,3757.45212
3622,4916.954794
3623,4823.661747
3624,3519.852693
3625,6274.620564
3626,3045.58781
3627,4177.789903
3628,3827.425899
3629,2954.12961
3630,4974.319559
3631,4729.978013
3632,5291.200852
3633,4842.793999
3634,5615.878711
3635,4984.559357
3636,4159.806738
3637,5449.805396
3638,5080.456681
3639,4903.348768
3640,5482.107252
3641,3977.008574
3642,4319.109965
3643,4960.997257
3644,4120.604903
3645,3656.58433
3646,3526.811117
3647,3976.278454
3648,4865.984889
3649,3941.075222
3650,4104.06707
3651,5819.061639
3652,5080.896799
3653,4754.47513
3654,5812.50872
3655,4501.290772
3656,6233.222441
3657,3985.70969
3658,4812.684159
3659,4555.960586
3660,4915.291979
3661,3795.851309
3662,4827.752074
3663,4515.281772
3664,3259.741302
3665,5158.479234
3666,4264.710597
3667,5139.948894
3668,4499.419047
3669,2593.006348
3670,3676.618312
3671,3978.886485
3672,6577.380719
3673,3117.16458
3674,4129.378076
3675,3527.618217
3676,5099.856377
3677,4037.252563
3678,3088.922753
3679,4637.180147
3680,3384.359439
3681,3755.971218
3682,3775.78675
3683,5031.050655
3684,3801.579281
3685,4993.290645
3686,4336.731964
3687,3394.104271
3688,5940.829716
3689,4629.045724
3690,5423.204761
3691,3381.231099
3692,4759.135917
3693,4244.81209
3694,4396.073499
3695,4360.693952
3696,4174.582758
3697,5713.499971
3698,4470.710277
3699,6039.777404
3700,3541.483657
3701,5022.085166
3702,3726.319246
3703,3710.025357
3704,4058.392724
3705,4086.103903
3706,4251.338579
3707,5772.699917
3708,4957.888315
3709,5481.388082
3710,5981.765649
3711,4603.608619
3712,4127.784975
3713,3748.353323
3714,3633.223365
3715,3488.922667
3716,3047.513947
3717,3372.101297
3718,4081.22666
3719,5023.971451
3720,3905.189182
3721,5140.701109
3722,3691.644338
3723,5903.966786
3724,4844.783124
3725,4264.046975
3726,5472.802364
3727,3764.817196
3728,5202.164451
3729,4200.181418
3730,6059.577201
3731,3906.264091
3732,3683.718472
3733,4515.462195
3734,5542.793824
3735,5569.93808
3736,5778.005586
3737,5773.955719
3738,3275.448893
3739,5003.966913
3740,4511.643953
3741,5014.161954
3742,3315.438724
3743,4726.367589
3744,4660.494834
3745,4915.413469
3746,3895.209782
3747,2671.680505
3748,2853.30041
3749,5484.546128
3750,4044.486668
3751,4878.799705
3752,4618.009901
3753,3925.954695
3754,4855.451325
3755,4288.612383
3756,4231.273386
3757,5253.097837
3758,4147.125111
3759,4191.391892
3760,4170.997148
3761,5184.963648
3762,4749.538222
3763,3402.034023
3764,4465.954124
3765,3705.221352
3766,6447.374973
3767,4096.604322
3768,3962.471167
3769,5458.433343
3770,3012.716409
3771,4279.90382
3772,3734.699503
3773,6100.824874
3774,6461.997191
3775,4137.826731
3776,4658.83599
3777,4124.647499
3778,4844.481211
3779,5763.637066
3780,5244.974611
3781,4388.114218
3782,4871.183336
3783,4055.728926
3784,3239.302703
3785,4181.496066
3786,5572.10466
3787,5168.04135
3788,2941.824747
3789,5705.72739
3790,4512.846571
3791,5580.733558
3792,4174.702084
3793,4982.996119
3794,4692.089794
3795,3129.605524
3796,4169.913639
3797,4631.620583
3798,4806.292558
3799,3800.575415
3800,2800.664786
3801,6083.702815
3802,3883.585681
3803,3539.878512
3804,4947.023721
3805,5006.169139
3806,4582.363693
3807,3838.211806
3808,3721.250684
3809,4137.239324
3810,4086.717569
3811,5676.608536
3812,3537.36045
3813,4981.355971
3814,5687.256523
3815,4199.920072
3816,5282.337904
3817,3046.179172
3818,4839.005011
3819,4683.374707
3820,4290.799887
3821,3359.127201
3822,5047.262432
3823,6294.331865
3824,4373.859232
3825,3709.040393
3826,5352.166277
3827,5622.777957
3828,3832.467003
3829,4912.925465
3830,4846.697615
3831,4329.583423
3832,4344.838521
3833,4544.607597
3834,5196.146507
3835,2386.739888
3836,3820.722614
3837,5277.357288
3838,4498.63521
3839,4056.622793
3840,4143.073776
3841,5133.74205
3842,4402.84402
3843,2402.556598
3844,5244.600617
3845,4155.071115
3846,5474.624591
3847,4744.879561
3848,5196.583944
3849,4388.510595
3850,5363.33545
3851,6647.378921
3852,5144.730664
3853,5135.746394
3854,4912.685596
3855,3952.827193
3856,4294.383542
3857,4781.38205
3858,5374.507488
3859,4327.573621
3860,5467.913221
3861,3436.297831
3862,3357.492995
3863,4006.254045
3864,3382.130671
3865,4490.221113
3866,3665.047446
3867,5587.422129
3868,5406.121216
3869,4420.932867
3870,3649.724231
3871,4215.036507
3872,5689.55039
3873,3599.113359
3874,4639.307877
3875,4670.093907
3876,4872.831837
3877,4218.384703
3878,5453.494284
3879,4153.111771
3880,4546.489332
3881,3588.717011
3882,4509.273791
3883,5079.640704
3884,5445.971147
3885,4030.298782
3886,4645.713688
3887,4920.392868
3888,4591.539816
3889,3645.971839
3890,3364.388118
3891,3586.642495
3892,4861.21525
3893,4354.669605
3894,4133.016664
3895,4743.860396
3896,5109.515654
3897,4246.752589
3898,5237.720457
3899,3774.40573
3900,4011.019424
3901,4805.451589
3902,5140.814083
3903,5374.002353
3904,3522.830053
3905,3570.657781
3906,5084.457415
3907,4926.613745
3908,5007.756672
3909,4279.552701
3910,4309.350651
3911,4079.125561
3912,4749.062161
3913,3910.078644
3914,3884.635896
3915,4619.129733
3916,3922.310435
3917,5161.799223
3918,3256.738741
3919,5100.729829
3920,4266.390393
3921,3599.627572
3922,4475.784446
3923,4803.216537
3924,5042.254473
3925,5358.776692
3926,5228.079405
3927,5835.780725
3928,5324.380672
3929,3923.762718
3930,4048.013637
3931,5472.685072
3932,3449.853128
3933,4509.976402
3934,4436.353608
3935,4748.699596
3936,4236.656585
3937,3312.804102
3938,4524.735536
3939,4600.769487
3940,4857.613152
3941,4021.940102
3942,3437.903649
3943,4655.712892
3944,4121.931533
3945,4701.768482
3946,4089.909247
3947,3410.157647
3948,3515.401337
3949,5038.991557
3950,3944.02351
3951,6140.428432
3952,4300.253621
3953,5068.046029
3954,3933.767309
3955,3812.741684
3956,4747.662873
3957,4992.057509
3958,4090.794686
3959,5047.869269
3960,5848.153806
3961,6302.326157
3962,3899.943513
3963,4115.356445
3964,5100.236046
3965,4207.128197
3966,4862.749171
3967,5479.037983
3968,3904.080557
3969,4335.525636
3970,4069.151255
3971,3763.850146
3972,4405.776542
3973,3531.690056
3974,5124.463921
3975,4110.190522
3976,4440.700604
3977,4556.552599
3978,4479.262153
3979,3842.314112
3980,4012.908158
3981,3961.582431
3982,3097.653793
3983,5659.984091
3984,4962.560975
3985,5543.354872
3986,4271.756309
3987,3670.534889
3988,4448.073416
3989,3873.579065
3990,4255.69469
3991,3689.645051
3992,3460.851262
3993,3566.085952
3994,2818.877749
3995,3393.30851
3996,5426.02093
3997,5617.602512
3998,5058.965665
3999,5812.987024
4000,4169.027916
4001,5322.73626
4002,5352.666619
4003,2817.228333
4004,2743.820662
4005,5862.845581
4006,4455.020747
4007,4115.857206
4008,5779.046025
4009,4296.408295
4010,5075.909658
4011,4422.678276
4012,4672.908567
4013,5177.583602
4014,5141.155899
4015,4603.489059
4016,6173.367384
4017,4877.454659
4018,5205.586273
4019,5105.321431
4020,4763.772723
4021,4572.821343
4022,5608.675816
4023,3895.883562
4024,5748.062357
4025,5039.586392
4026,4852.516783
4027,2935.864797
4028,4423.275167
4029,4044.566691
4030,4946.674352
4031,5346.1328
4032,3885.186566
4033,4892.601079
4034,4188.213097
4035,5027.711771
4036,4942.594504
4037,3945.089676
4038,4927.88552
4039,5627.943372
4040,4381.017598
4041,3195.402954
4042,3938.122722
4043,5270.350185
4044,3553.811534
4045,3795.429258
4046,4619.749238
4047,3034.846851
4048,3975.746826
4049,4536.28564
4050,4522.87528
4051,5248.424657
4052,4462.369764
4053,3565.034012
4054,5408.727865
4055,4339.603934
4056,5235.889499
4057,4223.435244
4058,6100.548446
4059,4906.672543
4060,3138.719204
4061,4404.666928
4062,4889.272885
4063,4652.01626
4064,5223.863275
4065,5334.682568
4066,4897.344709
4067,5359.783495
4068,3637.635797
4069,3639.154946
4070,2737.304373
4071,4225.563684
4072,4770.714325
4073,4526.746878
4074,4650.54843
4075,3711.630394
4076,4546.099417
4077,4879.669099
4078,4486.750892
4079,4985.707801
4080,3439.691747
4081,5166.638721
4082,5247.033675
4083,4410.438654
4084,4383.2617
4085,4551.644425
4086,5840.843239
4087,4982.600564
4088,3694.552484
4089,5777.248378
4090,3493.209332
4091,3729.823223
4092,3613.458462
4093,2859.958288
4094,3925.786094
4095,4757.607828
4096,5719.652709
4097,3277.968663
4098,3348.513273
4099,5714.920277
4100,3830.012654
4101,4271.807731
4102,3906.408684
4103,4947.388145
4104,3693.105767
4105,4048.703309
4106,4085.122482
4107,3630.020894
4108,4494.265611
4109,2904.033718
4110,3011.072339
4111,4762.927789
4112,3355.555864
4113,4805.153268
4114,5406.396256
4115,4492.515526
4116,4274.506658
4117,4198.096829
4118,4587.325276
4119,3845.840016
4120,4008.861972
4121,4464.993244
4122,4886.36912
4123,4590.006097
4124,4728.305085
4125,4681.398011
4126,5460.129141
4127,4403.327084
4128,3886.168636
4129,4900.84363
4130,2946.786731
4131,5312.539278
4132,5618.87955
4133,4985.777921
4134,4953.704184
4135,4532.452335
4136,4022.359261
4137,3393.315151
4138,4518.720303
4139,5167.444037
4140,3989.073883
4141,4059.573806
4142,4892.682389
4143,4388.542576
4144,4367.480294
4145,5204.058818
4146,3219.864262
4147,5270.613391
4148,3349.700469
4149,4374.338949
4150,4275.223843
4151,4268.176558
4152,4107.487675
4153,4762.211401
4154,3746.294054
4155,3145.888145
4156,4681.754611
4157,4514.327402
4158,3606.911367
4159,5897.292511
4160,3742.002428
4161,4624.088824
4162,3803.852357
4163,4124.835431
4164,3149.406768
4165,4773.638916
4166,5517.304985
4167,5771.445285
4168,5199.265238
4169,4291.202381
4170,4877.583759
4171,4521.633919
4172,5331.744734
4173,5909.793627
4174,5394.130693
4175,4291.906642
4176,4400.071099
4177,5247.514915
4178,2989.79677
4179,4086.845712
4180,3588.645544
4181,4785.699301
4182,2411.470019
4183,3716.942713
4184,4519.817119
4185,4569.261058
4186,5142.456463
4187,4238.259776
4188,4675.492205
4189,4675.642651
4190,4170.065531
4191,5255.074551
4192,5162.441146
4193,5637.149305
4194,4119.40512
4195,5493.980816
4196,5408.520941
4197,4258.599241
4198,4246.117577
4199,3982.677371
4200,4624.669102
4201,6022.38431
4202,3791.429967
4203,5178.568012
4204,5998.00724
4205,3418.96039
4206,4006.314174
4207,5402.564382
4208,4968.613215
4209,3397.903313
4210,5151.044434
4211,5929.676066
4212,4172.940381
4213,5009.25897
4214,4493.634738
4215,4942.252633
4216,3936.931606
4217,4944.554974
4218,4306.640462
4219,6412.25058
4220,4963.097899
4221,3742.708903
4222,4269.914497
4223,4375.732571
4224,5471.239396
4225,5052.959524
4226,4064.544533
4227,5234.613819
4228,4005.986619
4229,5328.20361
4230,2842.634778
4231,4999.726826
4232,4586.214299
4233,3893.337888
4234,4455.311802
4235,4193.138013
4236,4174.325116
4237,4468.972542
4238,4581.418377
4239,3587.995513
4240,4975.869066
4241,4753.786534
4242,3548.779685
4243,4013.428929
4244,4747.718365
4245,5153.322326
4246,4633.496874
4247,5616.482479
4248,4817.045373
4249,5326.577258
4250,4703.391541
4251,4046.064672
4252,3611.604355
4253,4796.824464
4254,4950.044825
4255,3527.405052
4256,4266.837285
4257,4508.958444
4258,3143.937951
4259,3965.249899
4260,3711.01215
4261,4455.103896
4262,4421.639508
4263,5382.734339
4264,2888.830658
4265,4423.119537
4266,3406.062496
4267,5070.33868
4268,4783.271073
4269,3574.779164
4270,3036.087943
4271,2802.970275
4272,5186.601381
4273,4641.172089
4274,5820.028177
4275,5400.414827
4276,5725.788534
4277,4542.499302
4278,3866.280233
4279,3467.913348
4280,5186.251588
4281,4386.702911
4282,4938.791588
4283,5110.770713
4284,4324.858908
4285,4153.349542
4286,4139.339859
4287,3422.519627
4288,3549.546622
4289,5204.991278
4290,3151.969872
4291,4152.58441
4292,4483.487248
4293,4754.848966
4294,3367.904656
4295,4886.076488
4296,5966.806006
4297,3252.384811
4298,4542.118746
4299,5343.140535
4300,4119.091023
4301,3844.533666
4302,3491.153318
4303,4238.364406
4304,3766.343966
4305,4070.246204
4306,4336.659754
4307,3882.007749
4308,3718.502149
4309,4434.765198
4310,5182.649293
4311,5573.801441
4312,4648.465569
4313,4270.06065
4314,4963.949496
4315,4793.565258
4316,4810.586974
4317,5509.073128
4318,3849.756732
4319,4846.901634
4320,4357.75837
4321,3335.042441
4322,5318.515846
4323,2607.900492
4324,5034.61934
4325,6319.593092
4326,4372.471013
4327,5092.112445
4328,3709.497635
4329,4823.294181
4330,3959.031282
4331,3048.712994
4332,4286.384434
4333,4363.759346
4334,4837.920195
4335,4017.943466
4336,5252.264591
4337,3318.131041
4338,4518.062073
4339,5277.968993
4340,4849.568924
4341,4078.684342
4342,5968.756644
4343,4634.516332
4344,5418.654201
4345,5469.788447
4346,3991.420016
4347,4597.205115
4348,3344.322391
4349,4967.28176
4350,4027.365943
4351,5643.553449
4352,3896.280481
4353,5136.342181
4354,4811.418921
4355,6927.189561
4356,6039.061923
4357,4059.104967
4358,4590.415133
4359,3478.76008
4360,4977.505758
4361,5354.863625
4362,5055.667466
4363,5176.200217
4364,4981.15259
4365,4926.531522
4366,4809.759181
4367,3847.752497
4368,4422.106727
4369,5141.047331
4370,4733.473029
4371,5056.596483
4372,4196.363014
4373,5198.206983
4374,5301.002022
4375,4936.369555
4376,3367.534754
4377,4279.87604
4378,4440.319078
4379,4163.815022
4380,5959.400996
4381,5641.809912
4382,3475.296392
4383,4504.96757
4384,3056.114661
4385,4659.44702
4386,3999.056816
4387,5378.946275
4388,4043.842477
4389,3829.518903
4390,3627.316268
4391,5152.044463
4392,4082.757266
4393,4836.828078
4394,4598.309211
4395,4740.322661
4396,4060.551687
4397,4527.338106
4398,4109.620618
4399,4457.616111
4400,4361.796999
4401,5961.944699
4402,3801.065302
4403,4012.510463
4404,5419.066401
4405,6071.17948
4406,4347.504538
4407,3655.146805
4408,5534.469578
4409,4515.572847
4410,4643.142053
4411,3678.12706
4412,4040.241313
4413,3898.819623
4414,4384.431874
4415,4981.982133
4416,3734.185368
4417,4239.617063
4418,5816.076055
4419,3523.593478
4420,4290.121042
4421,6282.695779
4422,3281.62551
4423,2686.240644
4424,3967.965218
4425,3968.939044
4426,3952.428637
4427,3994.11874
4428,4965.590142
4429,6033.847148
4430,5238.446155
4431,4227.914568
4432,3781.49641
4433,3575.439211
4434,4273.757032
4435,4392.787471
4436,3694.413172
4437,3484.149243
4438,3537.331309
4439,4368.961094
4440,3214.412016
4441,5041.89869
4442,4661.448119
4443,3789.128998
4444,5061.257476
4445,4980.318165
4446,4252.985153
4447,3901.661043
4448,3912.991723
4449,5230.029943
4450,4441.365557
4451,4261.351932
4452,4681.769956
4453,5520.033752
4454,2948.279261
4455,2309.357817
4456,4859.295062
4457,4783.353284
4458,3390.614478
4459,5482.11795
4460,5548.845305
4461,4163.803947
4462,3841.728711
4463,4957.153172
4464,3507.32481
4465,4064.876755
4466,2908.629956
4467,5396.203177
4468,4094.338051
4469,6169.49386
4470,4274.235458
4471,6425.370843
4472,4738.281314
4473,5060.706201
4474,2984.265826
4475,2366.296086
4476,5500.684908
4477,5394.392599
4478,4917.465243
4479,5403.142378
4480,3779.895353
4481,5557.440665
4482,3572.822069
4483,3478.217859
4484,3938.363371
4485,3592.052179
4486,5716.973361
4487,5118.127645
4488,4548.488442
4489,4176.614101
4490,4709.93522
4491,4358.56479
4492,4075.617705
4493,5272.501169
4494,3626.56459
4495,5094.680095
4496,3416.664722
4497,3785.472579
4498,5462.48564
4499,4883.751709
4500,6013.741315
4501,3368.47943
4502,4094.385321
4503,4108.731564
4504,4831.125901
4505,3965.563347
4506,5399.2016
4507,3250.538447
4508,6178.951865
4509,5861.105547
4510,3827.269625
4511,5455.959249
4512,5030.805585
4513,5713.402982
4514,4269.159863
4515,3964.225857
4516,4166.129018
4517,4412.542866
4518,3382.504905
4519,5139.275689
4520,4665.986122
4521,5016.142389
4522,3988.249728
4523,5262.912658
4524,4306.125114
4525,4084.022986
4526,4070.059567
4527,4633.840681
4528,3657.007298
4529,3231.487311
4530,4449.394897
4531,5135.883089
4532,6067.690537
4533,3658.748436
4534,4319.37321
4535,4514.366551
4536,4758.467879
4537,3267.177498
4538,3304.897224
4539,3924.549433
4540,5248.598818
4541,4493.052912
4542,3589.346733
4543,4636.415855
4544,2770.329985
4545,4542.712781
4546,5033.463776
4547,5482.520477
4548,4418.845012
4549,5184.717927
4550,5017.548162
4551,5731.554257
4552,4341.682516
4553,5202.487902
4554,2742.300571
4555,4790.61654
4556,4425.471115
4557,3699.539068
4558,4848.007733
4559,3538.877569
4560,4750.472389
4561,3736.542924
4562,4098.223813
4563,3569.478525
4564,4686.511571
4565,6403.627583
4566,3754.950042
4567,3684.219395
4568,4528.930343
4569,5255.637153
4570,4692.690119
4571,5430.651362
4572,4463.305879
4573,4884.64073
4574,5585.144019
4575,4661.74007
4576,5134.735945
4577,4438.262525
4578,5045.935559
4579,3200.422392
4580,4377.387605
4581,5458.643461
4582,5093.448257
4583,3501.293618
4584,4723.78626
4585,3394.905322
4586,4433.103399
4587,3426.536119
4588,2999.624057
4589,4910.424768
4590,3907.407788
4591,3684.907887
4592,4557.133133
4593,3410.015942
4594,5270.044699
4595,5005.979753
4596,5540.796987
4597,4881.017393
4598,6146.534677
4599,4203.889059
4600,4025.748234
4601,4950.271436
4602,4435.060933
4603,5002.02357
4604,4154.939014
4605,4555.195121
4606,4135.998415
4607,4906.142687
4608,3412.91844
4609,4775.857242
4610,4584.132221
4611,2589.385509
4612,4508.174649
4613,5808.459217
4614,4822.718636
4615,5259.33678
4616,3878.590658
4617,5351.712626
4618,4951.529234
4619,5227.38745
4620,2746.502077
4621,5051.890404
4622,5235.660964
4623,4217.892937
4624,4727.301029
4625,3741.641175
4626,4454.194262
4627,4451.0006
4628,5284.319861
4629,4953.527046
4630,4292.546025
4631,4790.087742
4632,4033.869272
4633,4894.291645
4634,4915.080668
4635,4819.888719
4636,5616.050797
4637,3543.157403
4638,4559.754874
4639,4960.462713
4640,3304.210833
4641,5248.093916
4642,4078.505033
4643,4491.675797
4644,5174.448558
4645,3864.627609
4646,3860.058927
4647,5662.631036
4648,5639.890383
4649,3486.997641
4650,5781.942939
4651,3333.641523
4652,4200.893186
4653,4284.857532
4654,3192.746635
4655,4412.051573
4656,5397.101406
4657,3404.520089
4658,4773.673472
4659,5659.462273
4660,4198.102784
4661,4151.89097
4662,6798.833336
4663,4846.352296
4664,2742.930592
4665,5834.633354
4666,4355.14433
4667,4500.750712
4668,2663.014606
4669,5332.694943
4670,4067.139698
4671,3850.198756
4672,4193.727023
4673,4357.677486
4674,3729.662563
4675,5170.13708
4676,4751.845383
4677,3649.975641
4678,4719.935589
4679,5102.598552
4680,5528.026102
4681,5832.855196
4682,3533.709914
4683,4343.691072
4684,3940.346339
4685,4849.44408
4686,6833.03153
4687,4279.620823
4688,3451.390136
4689,4989.840704
4690,6397.616752
4691,4004.360675
4692,4222.530704
4693,4968.359319
4694,5277.365981
4695,4764.473675
4696,3749.618541
4697,3508.900644
4698,5315.765768
4699,3132.724676
4700,4052.212458
4701,4534.01749
4702,4328.201753
4703,4673.324196
4704,2721.243949
4705,3892.369577
4706,4869.684531
4707,4860.689562
4708,4839.694763
4709,4646.32022
4710,4157.23794
4711,4498.207907
4712,4019.268398
4713,3933.367557
4714,4256.089564
4715,3878.054348
4716,3424.70778
4717,4214.8636
4718,5589.73348
4719,4811.698654
4720,3594.986353
4721,5465.614062
4722,3007.662642
4723,4644.556328
4724,4120.057367
4725,4982.08908
4726,4186.937453
4727,2905.366818
4728,4173.315229
4729,5241.865867
4730,3327.936547
4731,4812.770692
4732,3954.196149
4733,4951.981406
4734,5068.740896
4735,4824.609507
4736,4308.277069
4737,4403.797404
4738,3515.666061
4739,6119.06568
4740,5396.667876
4741,6196.635613
4742,5118.587879
4743,5487.212496
4744,4465.976493
4745,4235.536258
4746,3938.785786
4747,5711.653605
4748,3220.304178
4749,5268.471589
4750,4438.650405
4751,4381.713511
4752,3977.203481
4753,3946.661436
4754,3714.690208
4755,4584.875652
4756,3924.216974
4757,4385.838012
4758,4691.108933
4759,4652.195631
4760,5364.617459
4761,5126.633856
4762,4428.925994
4763,3807.370458
4764,4524.114233
4765,4146.048463
4766,4020.754825
4767,4657.970459
4768,2577.02979
4769,3114.654218
4770,4116.928426
4771,4496.760547
4772,3810.825508
4773,4835.21456
4774,5479.740683
4775,4910.30387
4776,5570.690563
4777,4803.599859
4778,3510.071582
4779,3560.993291
4780,4960.177966
4781,4515.413661
4782,5645.984704
4783,3555.93797
4784,5521.370994
4785,4581.647688
4786,5289.970607
4787,4893.066382
4788,4837.505939
4789,4828.543841
4790,5389.033284
4791,3841.146587
4792,5420.330805
4793,3885.264029
4794,5430.856428
4795,4794.300939
4796,3511.010625
4797,4019.833479
4798,4774.054524
4799,3939.857321
4800,4635.139396
4801,5209.560984
4802,4330.268512
4803,4871.606116
4804,4096.364806
4805,4530.500304
4806,2970.304096
4807,5010.002157
4808,4511.331932
4809,4121.51134
4810,4642.718773
4811,4736.499875
4812,5105.037025
4813,4253.18736
4814,5135.31814
4815,4454.107693
4816,6008.310966
4817,4712.558698
4818,5561.697057
4819,5225.230716
4820,3479.982434
4821,3744.807147
4822,4647.828952
4823,4563.116813
4824,3921.390682
4825,3886.610643
4826,4412.54653
4827,5008.903115
4828,5475.951187
4829,3901.037466
4830,5001.225247
4831,5570.209237
4832,3532.717311
4833,4002.374771
4834,4653.772322
4835,3893.49725
4836,5910.148998
4837,4241.035551
4838,3221.090737
4839,3476.98407
4840,3477.412957
4841,5064.947727
4842,4699.343573
4843,5243.516503
4844,4775.152754
4845,4671.709312
4846,3691.112145
4847,4144.883315
4848,4464.349982
4849,3585.663688
4850,3946.848584
4851,4555.303547
4852,4863.813896
4853,4332.634123
4854,5020.962348
4855,4597.668273
4856,5710.197279
4857,5312.448845
4858,4052.875292
4859,4708.464139
4860,5682.471954
4861,4723.488965
4862,2672.413373
4863,5205.833666
4864,3734.35171
4865,4464.971869
4866,4143.688701
4867,5166.361968
4868,3398.259523
4869,5558.394546
4870,4273.508221
4871,4176.621072
4872,5574.179454
4873,5449.061224
4874,3384.81619
4875,5649.970706
4876,5099.819154
4877,4655.582797
4878,4723.814305
4879,5546.349217
4880,4693.580156
4881,5550.030222
4882,4951.682162
4883,4991.944699
4884,4253.025893
4885,5569.065299
4886,4125.450261
4887,4594.415848
4888,4286.795368
4889,4714.839544
4890,4758.46948
4891,5154.981125
4892,4846.339088
4893,5156.868516
4894,5337.133083
4895,4979.897491
4896,3525.134932
4897,4948.36587
4898,3432.254396
4899,5645.583213
4900,4757.079144
4901,4253.3615
4902,4085.836561
4903,5348.393277
4904,5079.838736
4905,3531.914293
4906,4309.935867
4907,3969.914803
4908,3536.47881
4909,4762.588875
4910,5315.422118
4911,3958.047902
4912,5469.895524
4913,4398.832761
4914,3817.725459
4915,3960.774969
4916,3151.107839
4917,3778.18364
4918,4664.496634
4919,4594.511418
4920,5180.865118
4921,2590.750729
4922,4644.640803
4923,5024.968807
4924,4930.357542
4925,5488.625307
4926,4425.330035
4927,5122.650285
4928,3580.802847
4929,4309.914213
4930,4426.387782
4931,4283.626289
4932,3093.173791
4933,3088.349475
4934,3969.015951
4935,3647.859153
4936,3930.10916
4937,5299.021726
4938,4815.616374
4939,4460.878935
4940,4010.112655
4941,5019.301765
4942,5034.862591
4943,5319.284323
4944,3621.505085
4945,4113.129286
4946,5123.635598
4947,3756.013697
4948,4240.504011
4949,4103.283608
4950,4404.692556
4951,6648.249698
4952,4695.882143
4953,4024.910582
4954,6054.736881
4955,3753.130666
4956,5831.521898
4957,4076.989293
4958,6405.242571
4959,5202.277757
4960,5623.253939
4961,2604.483642
4962,4484.535258
4963,6280.51667
4964,3491.791663
4965,5125.452644
4966,3404.234971
4967,4872.621077
4968,4564.250508
4969,4616.765011
4970,5562.880523
4971,5047.423074
4972,3939.71918
4973,4987.406644
4974,3174.869659
4975,3612.123142
4976,4617.845137
4977,4871.987333
4978,4922.379123
4979,3978.384889
4980,4875.866553
4981,4325.658113
4982,4376.853849
4983,3374.21428
4984,4058.396129
4985,4866.694956
4986,5339.733509
4987,4573.950001
4988,4998.409566
4989,5147.963791
4990,2711.395004
4991,5836.082971
4992,3752.026739
4993,4433.217767
4994,4349.501007
4995,4005.081115
4996,4197.633008
4997,4878.149638
4998,3625.882229
4999,4082.750243
5000,3820.750575
5001,4112.49091
5002,3972.377196
5003,4319.001259
5004,4101.155813
5005,4006.209779
5006,3769.207405
5007,4150.568252
5008,3540.629532
5009,4364.485745
5010,4046.555002
5011,5065.546032
5012,3673.072532
5013,5151.016153
5014,3682.192017
5015,4668.318862
5016,4584.165359
5017,4276.934225
5018,3321.73238
5019,5005.28976
5020,6381.770727
5021,3359.503702
5022,4951.949889
5023,4358.428836
5024,4851.139775
5025,4378.361293
5026,4886.813251
5027,2883.52385
5028,4322.118173
5029,4536.904241
5030,3954.427191
5031,3870.63806
5032,4244.954074
5033,4697.852441
5034,5255.978687
5035,4543.424823
5036,4263.36695
5037,5018.381049
5038,6389.219716
5039,3072.211626
5040,4129.420904
5041,4506.848052
5042,4498.670577
5043,4232.395405
5044,5641.199456
5045,4633.509246
5046,4181.050708
5047,5328.577609
5048,4767.75905
5049,3782.863302
5050,4414.517538
5051,4966.130686
5052,4021.313141
5053,4437.403841
5054,5420.674407
5055,3567.772991
5056,4856.728029
5057,4535.544743
5058,5070.537063
5059,5185.600194
5060,4957.711966
5061,5662.257922
5062,4586.056566
5063,2887.002234
5064,3545.175636
5065,5047.067313
5066,4162.243236
5067,3880.134398
5068,4660.780966
5069,3893.828033
5070,3707.623083
5071,4539.565065
5072,4528.872645
5073,5302.788568
5074,3458.134172
5075,2747.675326
5076,4695.838042
5077,5417.905121
5078,4741.450762
5079,3564.593109
5080,5027.388643
5081,3355.401026
5082,3452.665689
5083,5576.862811
5084,5901.287604
5085,4379.25965
5086,4311.585533
5087,3164.427473
5088,4270.271623
5089,4481.131164
5090,4717.903808
5091,4636.765913
5092,4678.763528
5093,3859.104013
5094,5548.65362
5095,4241.123224
5096,3973.264154
5097,3869.285223
5098,4685.094165
5099,5052.568868
5100,3535.763388
5101,4983.086649
5102,4035.74801
5103,3315.201494
5104,5437.845231
5105,4693.882705
5106,4513.359877
5107,2965.265576
5108,5017.515306
5109,4257.4348
5110,5001.235592
5111,4182.507616
5112,4356.491167
5113,5547.862628
5114,5558.210517
5115,4667.608685
5116,5628.138511
5117,5195.450709
5118,5251.035304
5119,4171.531069
5120,4031.01448
5121,3473.523867
5122,2553.96792
5123,5245.66559
5124,4315.233945
5125,5057.651351
5126,5926.420313
5127,3809.404861
5128,4798.07577
5129,4614.677842
5130,3872.343476
5131,4246.019352
5132,4633.019452
5133,4406.598603
5134,4164.203007
5135,4351.273446
5136,4331.269889
5137,3618.933011
5138,4697.050879
5139,4261.244993
5140,4992.276966
5141,3328.026038
5142,4374.13056
5143,3843.419593
5144,4018.305881
5145,4954.611369
5146,5183.637705
5147,4863.86775
5148,5159.793334
5149,5432.768746
5150,3963.205616
5151,5139.640502
5152,4650.066788
5153,4735.97632
5154,3580.016597
5155,3591.120502
5156,5070.143722
5157,3390.370153
5158,5489.691997
5159,5441.48363
5160,3991.255178
5161,4809.042284
5162,3536.851708
5163,4831.376121
5164,3369.703378
5165,4365.279562
5166,4125.138056
5167,4622.725703
5168,4097.362401
5169,3746.551009
5170,3685.555441
5171,5278.561071
5172,5220.142524
5173,3738.4762
5174,5808.510436
5175,4225.609912
5176,3485.989972
5177,4578.090534
5178,5493.424692
5179,5050.123785
5180,4743.951748
5181,6092.554085
5182,2813.273812
5183,4581.335649
5184,4200.235769
5185,5576.69483
5186,3904.664297
5187,5998.810209
5188,4208.152931
5189,3445.009443
5190,4443.421803
5191,5435.351923
5192,5550.726653
5193,5201.461747
5194,5364.233481
5195,4453.286182
5196,5502.343081
5197,4596.820487
5198,4996.326775
5199,2855.044791
5200,4803.66552
5201,5489.106163
5202,2949.257845
5203,5183.211937
5204,3101.571665
5205,4275.181818
5206,4796.818439
5207,5002.755286
5208,3769.502994
5209,4276.25307
5210,4678.812918
5211,3540.264769
5212,6079.760932
5213,5171.093428
5214,5533.669928
5215,3693.604188
5216,4804.613116
5217,5063.262683
5218,5154.137279
5219,4563.849332
5220,4764.615299
5221,4734.604179
5222,3869.863874
5223,3628.992638
5224,3919.99823
5225,4490.504611
5226,5175.233327
5227,4365.593849
5228,4546.027206
5229,3713.594864
5230,4869.103045
5231,5052.286576
5232,4321.804401
5233,6065.388693
5234,4486.470687
5235,5129.097633
5236,4410.218919
5237,5286.624894
5238,4394.14867
5239,5212.810955
5240,5704.560832
5241,5075.774267
5242,3864.216191
5243,4705.034173
5244,3936.381599
5245,5380.874719
5246,5404.039849
5247,4458.868661
5248,5050.851213
5249,5114.408413
5250,3979.592589
5251,3706.689078
5252,3502.658993
5253,5097.643751
5254,4668.193886
5255,6160.377562
5256,4481.135666
5257,5000.365282
5258,3623.845771
5259,4495.077152
5260,3700.201365
5261,4916.202846
5262,3192.143843
5263,4973.507456
5264,5476.994125
5265,4953.734244
5266,4237.277034
5267,3528.421398
5268,4095.370025
5269,5912.436153
5270,4664.507357
5271,4105.868302
5272,3335.09028
5273,5949.73364
5274,4060.982154
5275,4384.815985
5276,4365.132497
5277,4510.972071
5278,4051.326513
5279,4545.276553
5280,4780.674417
5281,4169.531908
5282,4430.038697
5283,4694.208626
5284,4710.37408
5285,6093.882607
5286,4586.846744
5287,3007.377404
5288,4228.373512
5289,4846.826984
5290,4545.022974
5291,3992.444476
5292,3227.071837
5293,5172.1428
5294,5622.820075
5295,4920.655807
5296,4977.368679
5297,6147.824928
5298,4677.014312
5299,3864.078782
5300,3990.174592
5301,3548.800737
5302,3521.398727
5303,3925.86855
5304,4172.383066
5305,3857.1788
5306,4944.262352
5307,4953.748856
5308,4656.127134
5309,4260.748879
5310,4182.751812
5311,4270.333644
5312,4677.400421
5313,4981.225914
5314,4855.209508
5315,4314.443421
5316,3873.974792
5317,4386.268781
5318,4315.537421
5319,3139.873142
5320,4226.099693
5321,6223.588417
5322,4435.489194
5323,4629.579389
5324,5624.000415
5325,4856.261503
5326,4083.784045
5327,4042.883083
5328,4380.772797
5329,3816.166547
5330,4254.312765
5331,4975.518551
5332,4797.815482
5333,4369.934534
5334,3934.559341
5335,4782.387804
5336,4820.351377
5337,4688.170846
5338,5168.680864
5339,4306.801126
5340,4268.449232
5341,4713.277349
5342,5548.947472
5343,5369.534556
5344,4951.330474
5345,3237.446386
5346,3015.728564
5347,3846.237741
5348,4009.679281
5349,3095.455842
5350,4999.833849
5351,6070.770766
5352,3034.116234
5353,3558.699479
5354,4714.612351
5355,5468.752099
5356,3714.611085
5357,5685.538409
5358,3649.486382
5359,4809.260808
5360,3205.153
5361,3255.350939
5362,3093.353716
5363,4609.719159
5364,4057.122608
5365,4176.787344
5366,5123.955706
5367,4790.741063
5368,4365.484633
5369,5607.378054
5370,5098.958183
5371,3686.143
5372,5248.918617
5373,4463.779885
5374,5147.006334
5375,3650.752646
5376,3409.607528
5377,4247.681398
5378,4680.328756
5379,3690.93858
5380,4429.414172
5381,5083.78062
5382,5432.618377
5383,5169.703218
5384,3849.59522
5385,4525.702034
5386,3667.576305
5387,3112.569485
5388,4874.819969
5389,4823.714012
5390,3708.491912
5391,5742.423446
5392,4471.812409
5393,4370.823575
5394,3382.239251
5395,2511.708881
5396,4444.504714
5397,4869.311207
5398,5504.440922
5399,5705.249917
5400,5721.687626
5401,5199.721016
5402,4234.215683
5403,4745.324658
5404,4912.082573
5405,3262.638427
5406,5253.880776
5407,3576.462451
5408,4195.206729
5409,4956.68977
5410,4503.773092
5411,3869.895256
5412,4120.799453
5413,5214.346069
5414,3883.514845
5415,3688.470881
5416,4281.784529
5417,5183.345082
5418,4567.231824
5419,5445.327235
5420,5127.496242
5421,5147.629135
5422,4133.380536
5423,5030.560403
5424,5728.662911
5425,4271.944013
5426,5496.954192
5427,4279.28122
5428,3228.396316
5429,4423.782011
5430,4827.663479
5431,2187.256015
5432,5520.479989
5433,4921.243179
5434,4142.22867
5435,5782.569142
5436,4954.32986
5437,3278.156912
5438,4699.802315
5439,4249.651741
5440,4955.22564
5441,4777.736934
5442,5569.19157
5443,5298.520242
5444,4717.756886
5445,4368.227828
5446,3973.102064
5447,4069.289423
5448,4315.693156
5449,5089.195645
5450,2973.292974
5451,5606.85467
5452,5175.943714
5453,5541.911756
5454,5549.393975
5455,3744.697671
5456,4895.80535
5457,4801.813713
5458,3363.000817
5459,4689.238545
5460,4267.662094
5461,4403.303387
5462,4387.597507
5463,4464.103598
5464,4349.094678
5465,4467.943819
5466,4575.218528
5467,4514.084976
5468,4285.080342
5469,5522.160958
5470,5093.460262
5471,3610.13625
5472,5515.200474
5473,4952.604962
5474,3375.931351
5475,4344.697043
5476,3946.02212
5477,4335.139837
5478,4733.002458
5479,4552.418494
5480,4324.525033
5481,5012.646096
5482,3949.280458
5483,5277.994025
5484,5025.660561
5485,4472.754031
5486,5974.232603
5487,5520.42688
5488,4691.670682
5489,3736.578028
5490,4693.982736
5491,5569.774522
5492,4645.655794
5493,5688.66774
5494,5124.66036
5495,4984.123187
5496,4334.133802
5497,4664.09566
5498,4542.897816
5499,4560.731605
5500,4923.140292
5501,4316.320696
5502,4961.505909
5503,4544.684629
5504,4766.293855
5505,4695.381316
5506,4772.302197
5507,4868.948983
5508,4675.214244
5509,4918.696006
5510,5312.065697
5511,4055.794964
5512,4579.252615
5513,5655.139896
5514,4533.014527
5515,4338.98105
5516,4602.182319
5517,4008.72842
5518,3740.018939
5519,4751.711509
5520,4723.445683
5521,5145.966767
5522,3812.436979
5523,4157.369678
5524,3966.909116
5525,3567.60637
5526,3006.631405
5527,4486.843619
5528,4556.905706
5529,3285.194433
5530,5687.104112
5531,4112.686424
5532,4720.366657
5533,4794.341058
5534,4747.615219
5535,4404.843071
5536,5312.412413
5537,3190.070182
5538,4382.378483
5539,5105.6025
5540,5176.823352
5541,4759.923113
5542,4247.487378
5543,4495.027294
5544,4741.494865
5545,4614.920116
5546,5553.99195
5547,3706.671964
5548,5850.699746
5549,4333.645598
5550,4150.431259
5551,2992.59682
5552,2823.854204
5553,4356.109119
5554,4035.296212
5555,3619.946845
5556,4851.670171
5557,4887.982876
5558,5505.976481
5559,6376.243115
5560,4991.223281
5561,4529.424287
5562,5019.066137
5563,4266.619935
5564,3983.082286
5565,3895.785065
5566,4652.217777
5567,4906.939682
5568,4681.503342
5569,3804.803521
5570,5537.88163
5571,3106.77827
5572,4169.182827
5573,4665.538978
5574,4890.479738
5575,4068.188704
5576,3371.086293
5577,4079.015782
5578,5735.711809
5579,4571.770172
5580,3953.331797
5581,5448.72281
5582,3617.328723
5583,3628.881187
5584,4265.644594
5585,4379.385721
5586,4596.063196
5587,3266.416485
5588,5291.080036
5589,4472.309216
5590,4867.473747
5591,5957.867602
5592,5721.915055
5593,4845.033197
5594,4399.159591
5595,2910.155955
5596,7166.369766
5597,3294.252809
5598,5197.95305
5599,4889.090198
5600,4102.873551
5601,5246.360422
5602,4454.379412
5603,3442.874341
5604,3818.521553
5605,4411.561039
5606,4889.361459
5607,5335.028476
5608,5370.059071
5609,5119.872111
5610,4626.939808
5611,3083.932111
5612,3433.046981
5613,4046.965887
5614,4241.379528
5615,2827.359594
5616,3092.676784
5617,4418.980956
5618,3579.273734
5619,4239.843754
5620,3680.047188
5621,4139.348131
5622,5581.546422
5623,4413.974617
5624,4742.344861
5625,5310.330232
5626,5396.898344
5627,5979.862722
5628,4894.472073
5629,4642.367065
5630,3209.487382
5631,5301.117559
5632,3800.749118
5633,3187.176743
5634,3294.001465
5635,4196.820836
5636,5285.937811
5637,4298.516606
5638,5708.286716
5639,2695.938977
5640,3940.29009
5641,4550.851939
5642,4186.478962
5643,6409.695111
5644,3609.583149
5645,4622.354135
5646,4619.503007
5647,5063.117084
5648,4429.375685
5649,3453.622991
5650,4136.723309
5651,4683.404802
5652,5864.244934
5653,4276.015358
5654,3991.565993
5655,4919.38433
5656,4664.012504
5657,4682.284935
5658,4362.772175
5659,4116.099197
5660,5675.678629
5661,4563.292892
5662,4789.366776
5663,6571.887145
5664,3684.955307
5665,4062.956336
5666,4894.103399
5667,2291.043175
5668,3049.202712
5669,2949.005985
5670,5535.938298
5671,4261.459501
5672,3431.920755
5673,1811.524723
5674,5372.634191
5675,5363.395586
5676,3535.797675
5677,6215.921366
5678,5012.790321
5679,5039.477612
5680,5690.852573
5681,4613.712347
5682,4228.865184
5683,4585.887119
5684,5575.920006
5685,3505.73072
5686,4677.561588
5687,4619.076728
5688,3253.27891
5689,4238.845657
5690,4068.760101
5691,4705.444062
5692,4215.2231
5693,4145.462191
5694,3624.507005
5695,4142.053123
5696,4071.597053
5697,5707.8902
5698,3558.513007
5699,4168.320054
5700,3680.460332
5701,4619.120866
5702,3328.900133
5703,3821.74654
5704,4429.380915
5705,5972.383449
5706,2743.463622
5707,4189.02365
5708,4085.17384
5709,3581.201619
5710,3326.608714
5711,5138.816473
5712,3371.175078
5713,2661.446776
5714,2478.53928
5715,5014.479097
5716,5409.267544
5717,4700.798679
5718,4472.951066
5719,3768.602233
5720,4906.284177
5721,5504.594462
5722,3595.42679
5723,4843.68632
5724,4642.878808
5725,4371.272685
5726,4938.336914
5727,3800.352262
5728,4288.899719
5729,5071.39247
5730,4327.591823
5731,4877.652097
5732,5170.612592
5733,5270.748837
5734,4967.362572
5735,4475.539382
5736,4125.886807
5737,3391.327035
5738,4637.418643
5739,5188.42791
5740,3983.934031
5741,4445.942688
5742,6035.216618
5743,4451.825799
5744,3463.390134
5745,4424.804094
5746,4133.190627
5747,4444.932014
5748,5902.289677
5749,3072.062313
5750,6201.263581
5751,3658.796544
5752,5525.643944
5753,5157.070495
5754,5443.737318
5755,5223.833002
5756,4321.573449
5757,4884.642623
5758,4717.565729
5759,3857.473044
5760,3533.225944
5761,5071.742129
5762,4063.82985
5763,5890.157356
5764,4449.59979
5765,2849.434085
5766,4882.726877
5767,3459.935723
5768,4143.034935
5769,5194.414246
5770,3520.839185
5771,4096.712918
5772,5325.050774
5773,4302.322978
5774,5169.382498
5775,3611.887145
5776,6274.383129
5777,4171.856388
5778,3559.288188
5779,4697.322806
5780,4365.979764
5781,4297.866425
5782,4353.943856
5783,5383.644833
5784,4371.977888
5785,4764.191357
5786,4671.232314
5787,5236.479529
5788,4386.609983
5789,3845.980118
5790,4608.489242
5791,4108.161624
5792,4652.394586
5793,4431.126926
5794,4157.521185
5795,3430.905602
5796,2980.581269
5797,4876.945254
5798,4874.290271
5799,4727.329864
5800,3613.024105
5801,4513.14084
5802,4848.015502
5803,3247.568669
5804,3883.748051
5805,4134.019571
5806,4594.037693
5807,4216.791754
5808,3220.067705
5809,3621.738042
5810,5399.114523
5811,5907.990176
5812,4390.385232
5813,4162.646483
5814,4712.120225
5815,3870.634012
5816,4765.994489
5817,3368.719629
5818,5160.828113
5819,4369.782123
5820,3293.4157
5821,3326.405775
5822,5666.221102
5823,4370.319129
5824,3357.533702
5825,3223.04277
5826,4408.142641
5827,4518.449477
5828,3399.851119
5829,2603.754983
5830,4263.793049
5831,5282.423387
5832,5038.982366
5833,4238.631054
5834,3556.504079
5835,4452.861049
5836,3481.104781
5837,4461.27195
5838,4579.983876
5839,3609.702976
5840,4739.604306
5841,3715.561835
5842,6021.192473
5843,3553.016717
5844,4894.313783
5845,3848.902397
5846,5871.732303
5847,3244.518638
5848,3465.979287
5849,4202.661731
5850,4986.42319
5851,3630.86223
5852,4103.776924
5853,3454.442011
5854,3434.724911
5855,4035.708675
5856,4914.279351
5857,4203.864602
5858,5001.506375
5859,3796.163724
5860,4176.511755
5861,2008.050991
5862,5086.752909
5863,3994.870277
5864,4832.386265
5865,3158.188588
5866,4675.683194
5867,3869.012305
5868,4625.176605
5869,4504.769891
5870,4845.545938
5871,5619.47118
5872,4724.820306
5873,2752.412646
5874,4504.040917
5875,5874.563841
5876,5639.430363
5877,6231.098572
5878,4554.067699
5879,5469.439803
5880,3319.752237
5881,5736.999879
5882,4271.594278
5883,5008.799845
5884,4923.826845
5885,4092.6405
5886,4441.480871
5887,4805.248506
5888,3636.670036
5889,3765.645716
5890,4892.566498
5891,4403.921884
5892,6079.837726
5893,4258.536371
5894,4430.122192
5895,4864.465752
5896,5154.62571
5897,4861.313745
5898,4797.963976
5899,5280.311376
5900,4149.720191
5901,5567.254358
5902,4650.304518
5903,5143.159662
5904,3579.419311
5905,4816.513234
5906,4473.47421
5907,5212.994257
5908,5134.822218
5909,3565.782098
5910,5718.550573
5911,5551.61061
5912,4674.839326
5913,3904.381443
5914,4640.560502
5915,4766.680938
5916,4929.567994
5917,4665.140596
5918,4282.68414
5919,5626.953729
5920,5045.864186
5921,4553.799623
5922,5260.983081
5923,4930.029064
5924,5816.1916
5925,3964.510019
5926,4014.89473
5927,6105.525911
5928,3048.652231
5929,3209.808099
5930,3691.861823
5931,5453.02588
5932,4959.262929
5933,5243.991886
5934,4476.166398
5935,4631.627641
5936,4716.620252
5937,4156.240582
5938,4909.341701
5939,6221.991527
5940,4567.841339
5941,4311.072188
5942,5300.705498
5943,4940.388829
5944,4156.306841
5945,3811.751644
5946,5217.50054
5947,5133.060322
5948,6268.118666
5949,4416.718182
5950,4481.465852
5951,4147.397076
5952,4814.656396
5953,5843.163471
5954,4994.900159
5955,5278.464963
5956,4202.700264
5957,3891.149922
5958,4302.192744
5959,3884.516814
5960,3179.072947
5961,3925.081006
5962,5775.854836
5963,5300.505511
5964,5041.623837
5965,5349.256844
5966,3186.5631
5967,3414.262081
5968,5232.906211
5969,4674.607583
5970,3959.296216
5971,4813.869021
5972,4409.324483
5973,4629.465459
5974,4978.093592
5975,5846.554103
5976,4495.014624
5977,4926.449096
5978,3543.5445
5979,4572.972728
5980,3202.15652
5981,2836.820396
5982,3743.948589
5983,4932.077535
5984,5403.369785
5985,3430.225039
5986,5977.850743
5987,3016.888372
5988,4210.430442
5989,4480.631271
5990,4991.693466
5991,3601.591002
5992,4020.18611
5993,5871.837506
5994,4362.815573
5995,4096.978535
5996,4006.005653
5997,4179.988686
5998,4381.443325
5999,3674.236252
6000,4430.045521
6001,5223.860008
6002,4406.429654
6003,4063.556232
6004,4276.406967
6005,5236.395326
6006,3505.446864
6007,4326.30692
6008,5540.152712
6009,5270.305321
6010,5350.37103
6011,4254.57521
6012,4537.701581
6013,4753.310697
6014,5982.678974
6015,4825.941197
6016,5138.519582
6017,4929.498513
6018,5025.326434
6019,5379.981569
6020,4726.165286
6021,4884.346368
6022,4840.016552
6023,5553.844393
6024,3641.699092
6025,4938.695457
6026,3706.631845
6027,5643.298432
6028,4151.980417
6029,3568.253305
6030,5090.483974
6031,5726.99396
6032,3995.243094
6033,4702.270458
6034,4470.854067
6035,2819.620201
6036,4889.875426
6037,4326.821511
6038,4858.387521
6039,4593.635169
6040,4761.793816
6041,4823.504559
6042,3991.041861
6043,4110.434492
6044,4730.447474
6045,4133.252465
6046,5723.546752
6047,3883.371603
6048,4256.963055
6049,3719.900767
6050,4666.680011
6051,5214.13986
6052,4735.12268
6053,3246.601074
6054,4930.044289
6055,4023.345755
6056,5813.280598
6057,4894.163874
6058,4143.504721
6059,4305.996358
6060,3187.21798
6061,4389.594019
6062,5021.42017
6063,5716.047666
6064,4737.305145
6065,5011.287391
6066,2929.853433
6067,3113.781715
6068,4226.999035
6069,3651.273607
6070,4645.850597
6071,3313.782979
6072,5090.124993
6073,4120.366655
6074,3890.980272
6075,5241.280957
6076,4283.499428
6077,5231.777339
6078,3712.351042
6079,3978.402549
6080,5036.024635
6081,3920.567964
6082,3800.06364
6083,3819.263932
6084,4929.724861
6085,4202.950957
6086,4476.956304
6087,5046.362548
6088,4966.791093
6089,4180.354359
6090,3838.403439
6091,3359.142933
6092,4806.494544
6093,4082.700346
6094,6070.312174
6095,4452.458075
6096,4108.728079
6097,4817.952387
6098,4185.780067
6099,3701.382218
6100,4113.649178
6101,4410.94501
6102,3658.474764
6103,4419.48264
6104,4152.983697
6105,5108.458717
6106,4983.851497
6107,4494.858628
6108,4202.09163
6109,4517.199634
6110,4791.448035
6111,4278.108829
6112,5194.294071
6113,3206.297128
6114,4385.282077
6115,4504.274521
6116,3573.850616
6117,4312.334995
6118,4607.005025
6119,3935.215692
6120,3999.543234
6121,4637.750139
6122,3559.332835
6123,4721.789326
6124,4603.141788
6125,4523.901488
6126,4916.264638
6127,5459.14007
6128,3721.256087
6129,3106.329943
6130,5387.020497
6131,4359.651795
6132,3756.046421
6133,3808.700586
6134,5374.248281
6135,4823.629179
6136,5100.026078
6137,2731.66219
6138,6030.097898
6139,4985.991063
6140,4367.186102
6141,4858.614897
6142,5589.021851
6143,3775.706642
6144,3946.022855
6145,4212.42742
6146,4111.695289
6147,2994.469786
6148,5693.100707
6149,5439.773281
6150,5052.868185
6151,5427.592228
6152,4383.563624
6153,4682.685173
6154,5365.096658
6155,4858.862657
6156,2694.111857
6157,3752.740153
6158,3572.655889
6159,3752.922225
6160,4774.947664
6161,4635.034331
6162,4460.150778
6163,4661.341661
6164,3949.119212
6165,5221.163531
6166,3575.639019
6167,3354.880337
6168,4366.273537
6169,4612.958428
6170,4556.920397
6171,4178.605917
6172,3893.26701
6173,5617.42905
6174,3123.390477
6175,4885.04159
6176,4757.001277
6177,4438.743126
6178,4356.102861
6179,5653.511163
6180,6005.910527
6181,4465.302759
6182,4607.196543
6183,4881.801411
6184,4695.741874
6185,3652.245007
6186,4184.262713
6187,4005.647937
6188,4845.664376
6189,4442.182622
6190,4875.670593
6191,4132.005689
6192,4054.60735
6193,2609.649952
6194,3388.981871
6195,4844.308815
6196,4299.001455
6197,4766.041931
6198,4543.161377
6199,4452.985136
6200,3696.856247
6201,4595.811107
6202,5066.105209
6203,4945.977771
6204,4484.234342
6205,3922.13776
6206,5673.658863
6207,4241.440406
6208,3009.18542
6209,4325.986832
6210,3888.530446
6211,5861.889541
6212,4719.44836
6213,5087.308921
6214,5478.746927
6215,4830.910516
6216,4999.437568
6217,4943.339706
6218,4829.063056
6219,4041.367879
6220,4660.7116
6221,4243.615498
6222,2852.391347
6223,3232.059237
6224,2862.262619
6225,4365.758449
6226,3759.928142
6227,5381.587359
6228,4964.641924
6229,3346.68359
6230,4766.256385
6231,4967.767392
6232,4949.943591
6233,5156.335494
6234,4682.696259
6235,5318.031388
6236,4281.820917
6237,4466.914048
6238,4180.857986
6239,5040.303762
6240,4977.248292
6241,4750.580699
6242,3405.138025
6243,5108.983853
6244,6849.508516
6245,2564.452858
6246,5514.74519
6247,4240.333619
6248,4163.82534
6249,4764.966553
6250,5186.53631
6251,3401.766032
6252,6102.297065
6253,4666.528125
6254,4933.816359
6255,5349.94833
6256,4563.381776
6257,4908.264281
6258,4838.231589
6259,4810.169039
6260,4045.019863
6261,4265.439422
6262,5442.93648
6263,5179.997942
6264,4520.785895
6265,3361.943049
6266,4575.971562
6267,4759.183432
6268,5629.81809
6269,5242.243974
6270,4724.933043
6271,6607.390066
6272,4514.158302
6273,5212.039922
6274,5348.762787
6275,5327.401359
6276,4088.493609
6277,5466.87084
6278,3087.309032
6279,4132.574913
6280,4942.118525
6281,4023.834179
6282,2588.652131
6283,4923.624275
6284,3270.221202
6285,3733.867608
6286,4470.534909
6287,4425.720075
6288,4435.183698
6289,4959.512499
6290,5679.232735
6291,4869.495692
6292,3163.630665
6293,5187.647009
6294,5343.234374
6295,4631.295652
6296,4276.49121
6297,5094.076372
6298,4864.50211
6299,4632.488698
6300,4186.783072
6301,3403.291222
6302,4622.619281
6303,5070.079646
6304,5161.824419
6305,6052.035275
6306,4617.948372
6307,4356.462946
6308,3333.177219
6309,4085.431823
6310,4191.514166
6311,4206.52474
6312,4333.549241
6313,4518.793969
6314,4864.11846
6315,5363.890034
6316,3502.430718
6317,4745.774347
6318,4091.70251
6319,5778.149374
6320,4084.162597
6321,3119.739853
6322,5276.094284
6323,5843.875793
6324,3111.200181
6325,3676.21679
6326,3320.59922
6327,4355.066307
6328,3231.98129
6329,2377.260602
6330,3970.493004
6331,3683.956863
6332,5801.830445
6333,3946.963688
6334,3533.397708
6335,3662.305725
6336,6546.210282
6337,4385.149473
6338,6885.259316
6339,4808.636261
6340,4282.288885
6341,4878.720459
6342,4079.949663
6343,4568.988765
6344,4327.220169
6345,4406.491353
6346,5425.851537
6347,5699.273053
6348,4304.301825
6349,4379.601593
6350,3604.789008
6351,3704.65594
6352,4608.523619
6353,5020.402594
6354,4635.488619
6355,5354.108056
6356,5658.0942
6357,3441.443073
6358,4232.43021
6359,4256.205259
6360,2928.344267
6361,4337.669834
6362,5206.708801
6363,5673.388246
6364,5695.960709
6365,5226.994808
6366,3147.433436
6367,3550.658754
6368,5780.407142
6369,5380.65806
6370,4392.729382
6371,5572.870256
6372,5441.421162
6373,3571.308277
6374,4770.621818
6375,5845.227707
6376,3964.860944
6377,7052.658543
6378,3964.845221
6379,4565.754825
6380,5368.946232
6381,4917.435909
6382,4178.632674
6383,3878.831464
6384,4461.265183
6385,3142.247721
6386,2886.758839
6387,5104.553679
6388,4968.728052
6389,3713.703793
6390,5092.827486
6391,4733.402776
6392,4522.653306
6393,4332.889297
6394,3875.473665
6395,3857.00028
6396,4809.019391
6397,4715.886091
6398,4006.536859
6399,5247.93083
6400,4186.833086
6401,4571.623597
6402,3704.071121
6403,2734.659804
6404,3626.072465
6405,5242.645424
6406,4153.589125
6407,5618.193094
6408,5500.73262
6409,2987.431305
6410,4353.663977
6411,4365.343972
6412,4278.904131
6413,5310.412216
6414,4188.409871
6415,5198.916679
6416,5338.541419
6417,3990.048837
6418,5460.063868
6419,3532.021783
6420,5933.280859
6421,4950.848543
6422,3227.561933
6423,4704.230067
6424,4081.753394
6425,5785.784269
6426,3543.951305
6427,5259.288932
6428,3352.73195
6429,3165.858103
6430,3458.728515
6431,4973.521131
6432,5736.811606
6433,2991.996365
6434,2619.81435
6435,4867.866884
6436,3299.177057
6437,4986.589727
6438,5144.406662
6439,3592.998265
6440,5519.455531
6441,4333.713275
6442,4463.723478
6443,3598.486077
6444,5218.593666
6445,4226.195119
6446,4542.073891
6447,4492.582169
6448,5286.097524
6449,5291.461333
6450,4307.474875
6451,3064.585393
6452,3392.108497
6453,4235.882118
6454,5954.44241
6455,5844.791286
6456,5620.491448
6457,4702.709138
6458,4864.55408
6459,4536.523565
6460,3308.871501
6461,4347.001051
6462,4932.312737
6463,5204.94857
6464,5781.053131
6465,2917.278088
6466,4530.893589
6467,3542.596899
6468,4999.759123
6469,3675.474861
6470,4843.60501
6471,4391.258821
6472,2884.305659
6473,5590.349735
6474,4804.794578
6475,6125.079811
6476,4939.492407
6477,4269.552509
6478,5342.656693
6479,3984.033519
6480,3149.772304
6481,3795.707705
6482,3256.023517
6483,4504.915823
6484,5164.51292
6485,3877.766436
6486,3300.574104
6487,4367.506588
6488,3818.896455
6489,4575.173853
6490,3309.5978
6491,4054.661504
6492,4664.508871
6493,6235.344011
6494,4168.866183
6495,5211.915597
6496,3334.850135
6497,2740.082022
6498,4874.875878
6499,3543.181029
6500,5170.241355
6501,5026.844673
6502,4805.836468
6503,5664.577026
6504,4475.716528
6505,4297.802993
6506,4333.522674
6507,3701.66116
6508,4595.257783
6509,3433.258021
6510,5937.497686
6511,4585.932521
6512,4786.184307
6513,5340.657315
6514,4300.322837
6515,4745.032839
6516,4538.586266
6517,5064.512114
6518,4265.137226
6519,4605.467883
6520,6092.918093
6521,3174.743234
6522,4751.310495
6523,4594.674093
6524,5513.69902
6525,3253.994645
6526,5156.959027
6527,4448.490922
6528,4887.320219
6529,4747.633835
6530,3923.004075
6531,5237.206194
6532,3633.878183
6533,4055.228716
6534,5092.938301
6535,4537.247399
6536,5482.427635
6537,4066.572782
6538,2893.163739
6539,3659.444847
6540,4694.618436
6541,3597.17544
6542,4495.758713
6543,3403.45129
6544,3502.658955
6545,3933.977345
6546,3972.521612
6547,4583.987358
6548,4239.471052
6549,4746.859566
6550,3077.629324
6551,5386.169605
6552,4765.543675
6553,4723.728384
6554,3171.047657
6555,4953.634949
6556,3282.226433
6557,3770.160793
6558,5397.022264
6559,3775.580859
6560,3786.003838
6561,3067.830398
6562,4735.7369
6563,6219.321483
6564,3418.636167
6565,4741.330179
6566,3778.426483
6567,4629.722656
6568,3278.862367
6569,4905.089353
6570,3642.730939
6571,4141.57035
6572,4010.631907
6573,4943.258038
6574,4636.861592
6575,6322.997382
6576,5808.425755
6577,3859.495915
6578,6843.345821
6579,4096.701885
6580,4051.488959
6581,5253.59979
6582,3870.473377
6583,4173.218191
6584,3914.136108
6585,3089.486774
6586,4201.483265
6587,5319.941046
6588,4581.292207
6589,4389.419968
6590,5622.301
6591,4681.365029
6592,3429.133576
6593,4918.101128
6594,3989.607752
6595,4758.84563
6596,2654.30076
6597,5102.185955
6598,4674.118484
6599,4500.378387
6600,4430.601324
6601,5147.111045
6602,4533.563128
6603,3637.934246
6604,4288.464969
6605,4259.386092
6606,2982.75611
6607,3733.973214
6608,4544.372002
6609,3518.923074
6610,4664.387937
6611,4083.323308
6612,4506.138123
6613,4247.434697
6614,4994.982578
6615,3785.279925
6616,4725.228599
6617,3578.698397
6618,3601.196257
6619,4870.044524
6620,2792.647114
6621,2880.425226
6622,4703.192315
6623,2409.200284
6624,4645.533404
6625,4925.810861
6626,4467.564222
6627,4682.924639
6628,6187.830135
6629,4838.238857
6630,5545.434964
6631,4833.965968
6632,4772.74601
6633,4749.284215
6634,4183.566964
6635,2759.113092
6636,5508.996878
6637,3164.965725
6638,4301.401249
6639,3732.228744
6640,4823.400104
6641,6454.018695
6642,6100.158158
6643,4856.362663
6644,4515.266293
6645,3872.814112
6646,4419.882931
6647,5056.260206
6648,4570.820234
6649,5647.397187
6650,5110.895117
6651,4081.43576
6652,5332.932726
6653,4484.472861
6654,5104.636077
6655,5393.818145
6656,3644.85271
6657,5041.573126
6658,4894.849947
6659,4471.143101
6660,6358.541687
6661,5183.66788
6662,4981.481734
6663,3545.403041
6664,3853.536526
6665,5065.616141
6666,4446.41012
6667,4435.723385
6668,4636.634304
6669,5338.956199
6670,3688.543237
6671,3063.659649
6672,5139.206647
6673,3461.470844
6674,4257.707357
6675,3707.039787
6676,2940.000674
6677,3873.884846
6678,5713.778198
6679,4538.84572
6680,5155.592332
6681,4319.72929
6682,4752.306881
6683,4337.731321
6684,4301.241321
6685,3696.092508
6686,3815.659982
6687,6234.662452
6688,4953.069197
6689,4978.133463
6690,4346.76893
6691,5996.592984
6692,5675.251648
6693,5371.293675
6694,5335.805596
6695,5564.266285
6696,4718.267479
6697,5240.363399
6698,2639.92388
6699,4889.055356
6700,5090.058951
6701,4324.864695
6702,5613.754819
6703,2954.728253
6704,4417.670756
6705,4424.082455
6706,4478.021464
6707,4318.531247
6708,6001.256058
6709,4038.497054
6710,3622.148473
6711,4846.893887
6712,5185.37851
6713,3834.216818
6714,4963.031441
6715,3753.64497
6716,5615.150742
6717,4452.672602
6718,3214.54171
6719,3774.749807
6720,5493.012302
6721,3369.908931
6722,4870.488932
6723,3042.133288
6724,5210.364691
6725,5447.207712
6726,3787.442878
6727,5163.285293
6728,6511.120269
6729,3770.282605
6730,4900.428347
6731,5919.795364
6732,4833.317125
6733,5417.113349
6734,4471.373841
6735,6801.507186
6736,5084.116449
6737,5864.800401
6738,4267.040972
6739,4712.076662
6740,5332.471585
6741,6024.434818
6742,4389.915524
6743,4173.934868
6744,3263.410096
6745,4473.156564
6746,3981.9052
6747,4589.477504
6748,4231.573876
6749,3843.738954
6750,4628.487506
6751,3477.715938
6752,5273.048431
6753,2798.236332
6754,4011.006693
6755,3951.1651
6756,3964.492507
6757,4985.63712
6758,4779.721602
6759,4779.979643
6760,3540.867456
6761,5820.071129
6762,4530.304337
6763,4216.242689
6764,4472.625172
6765,4662.718337
6766,4886.466785
6767,4854.927107
6768,4804.678654
6769,6109.804397
6770,5493.292604
6771,4307.325398
6772,3736.079932
6773,3676.386336
6774,4808.837065
6775,3995.934294
6776,2638.540885
6777,3519.248352
6778,4944.19498
6779,5009.708026
6780,3807.597178
6781,3400.120958
6782,4336.52736
6783,4459.685967
6784,4739.229768
6785,4451.994378
6786,4240.207957
6787,3756.346617
6788,5524.032082
6789,3561.045973
6790,3286.069337
6791,4740.041036
6792,4391.105068
6793,4113.312833
6794,3165.192001
6795,5437.628478
6796,5224.655407
6797,3990.812373
6798,5219.444238
6799,4975.973617
6800,5957.559922
6801,4581.136651
6802,5274.507882
6803,2661.243848
6804,4386.109497
6805,2669.543846
6806,5358.546347
6807,5032.859017
6808,4285.243502
6809,5034.606948
6810,4163.249343
6811,5171.617988
6812,4143.768193
6813,5435.932812
6814,4885.48413
6815,5302.00868
6816,4008.535529
6817,4415.29037
6818,5554.96304
6819,4557.839072
6820,5381.874192
6821,4657.743711
6822,4435.33032
6823,4720.483456
6824,4508.89807
6825,4058.434995
6826,5905.951173
6827,3065.186388
6828,4666.332854
6829,4111.701206
6830,4669.776314
6831,4788.310715
6832,4893.927379
6833,3560.86061
6834,3892.505087
6835,4672.232414
6836,3324.223786
6837,4995.408504
6838,4471.214618
6839,3261.697315
6840,6041.522699
6841,3068.626598
6842,5476.464719
6843,4764.586735
6844,5448.97435
6845,3407.158428
6846,4141.853104
6847,4526.170786
6848,5634.047024
6849,3339.867263
6850,4394.132274
6851,3963.722996
6852,2669.011255
6853,3953.613152
6854,5299.285072
6855,4761.228992
6856,3839.133363
6857,4098.33765
6858,4528.34555
6859,4620.772052
6860,4059.039936
6861,3715.298595
6862,4057.03355
6863,5115.760316
6864,3546.885336
6865,6676.15908
6866,4362.231615
6867,4811.231967
6868,3906.338643
6869,4863.647062
6870,5913.420562
6871,4016.750448
6872,5269.120169
6873,4500.280038
6874,3053.525065
6875,4665.289498
6876,5969.954805
6877,4880.38568
6878,4509.530805
6879,6732.545409
6880,6097.0784
6881,5087.859461
6882,4871.134363
6883,4592.970415
6884,4645.463221
6885,4699.38596
6886,4084.781289
6887,5022.161941
6888,4403.281687
6889,5646.523468
6890,5520.16571
6891,5844.190917
6892,4108.113583
6893,5827.278999
6894,4291.935143
6895,4226.967867
6896,3687.480896
6897,4878.309109
6898,3898.837174
6899,5699.561593
6900,3926.655509
6901,4072.740362
6902,4538.975785
6903,4605.735387
6904,4274.371421
6905,6923.283026
6906,4743.322818
6907,5570.095196
6908,4177.932565
6909,4830.913946
6910,5047.194711
6911,3871.964521
6912,4810.937305
6913,3283.229226
6914,4850.912962
6915,5798.924984
6916,4273.539053
6917,3657.282677
6918,5475.673056
6919,4392.892067
6920,3757.826787
6921,3939.809887
6922,5360.619518
6923,4156.325745
6924,3419.823383
6925,4243.265212
6926,5009.632351
6927,3393.05472
6928,3746.454019
6929,5092.737247
6930,5912.895362
6931,4444.373766
6932,5401.759959
6933,5661.059479
6934,5051.057143
6935,4727.834769
6936,3727.451719
6937,4201.592235
6938,6065.868936
6939,5239.772551
6940,5417.973313
6941,4792.149558
6942,4810.534446
6943,4437.299802
6944,4139.125258
6945,4544.44546
6946,3050.598497
6947,4645.268264
6948,4195.671491
6949,4614.429066
6950,3499.59744
6951,4738.228093
6952,4948.268359
6953,3601.026559
6954,5043.698026
6955,5410.097175
6956,4462.007134
6957,4730.753671
6958,5179.943043
6959,4080.58091
6960,3136.38464
6961,2707.781404
6962,4464.00778
6963,4906.651592
6964,5702.371871
6965,4170.355428
6966,5098.128095
6967,5365.094924
6968,4436.233549
6969,5708.899669
6970,5289.365543
6971,4469.153456
6972,6210.779511
6973,5263.661318
6974,5110.470543
6975,3126.228731
6976,3930.081366
6977,4054.567909
6978,4926.017318
6979,4137.737996
6980,3400.397356
6981,5494.278764
6982,4519.81278
6983,3670.972825
6984,4301.337277
6985,4677.157052
6986,3648.935407
6987,3769.278246
6988,5397.338002
6989,2753.261531
6990,4793.463416
6991,5765.097421
6992,4463.25887
6993,3424.329048
6994,2921.00441
6995,5440.797756
6996,4203.689519
6997,2944.215701
6998,4430.349567
6999,4436.996607
7000,3416.96189
7001,5425.48501
7002,3797.044992
7003,5866.514471
7004,4878.771118
7005,3735.701639
7006,4403.411169
7007,2952.326333
7008,5002.559282
7009,4088.391994
7010,2059.033914
7011,4488.962801
7012,4764.991848
7013,4224.68181
7014,3359.254364
7015,4389.979284
7016,3847.253592
7017,5615.767288
7018,5024.984548
7019,4796.791941
7020,3004.049912
7021,4936.85222
7022,3272.29601
7023,3676.675171
7024,4731.788308
7025,4135.636583
7026,4266.117543
7027,4805.488853
7028,4315.09287
7029,4429.335684
7030,3959.318886
7031,4184.862765
7032,5381.279509
7033,4449.555225
7034,3954.243833
7035,3922.728222
7036,4520.225163
7037,3651.010629
7038,4559.591041
7039,4583.927777
7040,6503.618385
7041,3257.020415
7042,3989.820657
7043,4901.254687
7044,3570.712892
7045,5345.783868
7046,5195.967855
7047,5588.44549
7048,5131.246928
7049,6837.616816
7050,4954.889835
7051,4207.130025
7052,5172.947798
7053,4057.010793
7054,3703.459932
7055,4092.418046
7056,4858.18705
7057,5046.608424
7058,5678.59885
7059,4204.453922
7060,4673.433607
7061,5460.932009
7062,4268.67819
7063,4127.451374
7064,4338.891912
7065,4754.460716
7066,4231.831574
7067,5257.682645
7068,4424.841587
7069,4711.351548
7070,4962.5851
7071,4970.883873
7072,4729.275113
7073,4258.855998
7074,4541.30169
7075,7148.058893
7076,4309.512164
7077,2848.833953
7078,5089.182777
7079,3721.480599
7080,2980.710397
7081,5565.70505
7082,5837.801885
7083,5411.019073
7084,3461.849783
7085,5246.391202
7086,4976.702128
7087,4337.155028
7088,4846.008363
7089,3919.551235
7090,4464.876668
7091,3137.20621
7092,4145.876651
7093,5619.376123
7094,4908.440646
7095,2822.97969
7096,4159.320366
7097,3952.669002
7098,3751.864524
7099,5101.058798
7100,3469.842301
7101,4359.432722
7102,4242.022268
7103,4897.981024
7104,5195.795635
7105,4512.323792
7106,5200.357778
7107,3272.213915
7108,3773.872603
7109,6066.706597
7110,4903.937305
7111,3268.273417
7112,4769.998295
7113,4836.193225
7114,3829.960185
7115,6300.422169
7116,5004.77915
7117,4063.881506
7118,4368.994682
7119,4058.229362
7120,4137.296323
7121,4858.157169
7122,2276.345337
7123,4277.098635
7124,3502.497138
7125,5774.682584
7126,2993.177244
7127,5011.687107
7128,4818.523536
7129,4841.539487
7130,5238.504043
7131,4046.249131
7132,5998.858227
7133,4473.876724
7134,3566.477388
7135,4474.05031
7136,4450.428589
7137,4524.36384
7138,5010.729853
7139,5023.770636
7140,3938.392827
7141,3567.460102
7142,4802.710312
7143,4124.050723
7144,2111.213594
7145,4279.962726
7146,4509.994789
7147,5611.167691
7148,3673.84088
7149,3987.361304
7150,4850.242396
7151,5952.68951
7152,3954.540631
7153,3860.161081
7154,7103.51148
7155,5057.108582
7156,4176.175456
7157,4951.350355
7158,4431.203394
7159,4774.507738
7160,4761.025926
7161,3925.436455
7162,5753.51966
7163,3485.02429
7164,3230.640554
7165,4413.516178
7166,4324.900886
7167,3309.374788
7168,4905.210376
7169,4317.755768
7170,4348.909162
7171,4819.837126
7172,5396.704409
7173,3414.934845
7174,4684.20669
7175,5912.455304
7176,3872.091122
7177,4780.140325
7178,3194.656395
7179,2689.086498
7180,4947.531255
7181,3672.054825
7182,4194.446739
7183,5292.877715
7184,4426.945754
7185,2863.912842
7186,4943.1272
7187,5085.897469
7188,5492.988388
7189,4139.94901
7190,3278.205506
7191,4339.456318
7192,4185.324108
7193,4809.340971
7194,4351.721955
7195,5713.245487
7196,5187.696704
7197,5003.017181
7198,3676.843236
7199,4117.920727
7200,5919.142119
7201,5140.083343
7202,4888.979767
7203,4571.059485
7204,3224.633241
7205,5566.670484
7206,4752.212608
7207,5995.389455
7208,6617.729847
7209,3786.184959
7210,4729.032032
7211,3245.656138
7212,4413.801078
7213,4829.807652
7214,3754.152996
7215,3494.032708
7216,4304.996587
7217,3732.703092
7218,5539.311951
7219,3270.247262
7220,3474.511614
7221,5624.548197
7222,4781.202454
7223,3498.832201
7224,4436.027798
7225,4204.259985
7226,3439.531777
7227,4112.096831
7228,4085.079606
7229,4362.730028
7230,6182.593253
7231,5073.965094
7232,3149.618923
7233,5205.562141
7234,6053.141059
7235,4035.366373
7236,3446.580996
7237,4281.876945
7238,5108.093063
7239,4803.178953
7240,5016.510672
7241,4394.258396
7242,3467.143645
7243,6705.466404
7244,4475.835883
7245,4731.64458
7246,4587.653448
7247,3788.498949
7248,3295.023022
7249,4941.868391
7250,3607.762415
7251,5536.419282
7252,4684.121879
7253,2902.193085
7254,5213.454543
7255,3016.871154
7256,3702.647045
7257,4269.113335
7258,4316.790364
7259,5180.090314
7260,3622.007924
7261,3279.112086
7262,3642.264043
7263,5636.197671
7264,4961.600893
7265,4469.895672
7266,4699.948309
7267,4970.947648
7268,4103.931234
7269,4025.309733
7270,4709.744455
7271,4129.063614
7272,3642.213805
7273,5586.607107
7274,3901.972543
7275,5353.134112
7276,4246.907275
7277,4191.272219
7278,5238.553724
7279,4410.754945
7280,4991.118723
7281,3801.745233
7282,4870.6547
7283,4490.064717
7284,5171.974159
7285,3517.880069
7286,4518.717059
7287,6221.059247
7288,5851.853488
7289,4202.92822
7290,3883.269059
7291,4749.446963
7292,4113.863188
7293,4122.291648
7294,5036.58203
7295,3734.98611
7296,3624.863612
7297,6055.466105
7298,3055.515618
7299,3599.897254
7300,4743.003727
7301,4972.37675
7302,5011.513616
7303,5681.992357
7304,5122.1978
7305,4999.666869
7306,4772.81172
7307,5539.43719
7308,4816.772479
7309,4897.820629
7310,5220.775623
7311,5530.801767
7312,4192.842323
7313,4370.185483
7314,4628.881597
7315,4646.648167
7316,4051.673829
7317,4940.930872
7318,5694.567822
7319,4288.391958
7320,4629.609228
7321,5208.818735
7322,3209.704699
7323,4053.523657
7324,4070.086304
7325,4906.642803
7326,4293.431025
7327,3013.023577
7328,4680.078335
7329,4273.71096
7330,3237.123701
7331,4698.296617
7332,5779.499939
7333,4329.400872
7334,5147.240166
7335,3858.839753
7336,5468.817344
7337,4084.827529
7338,3912.659047
7339,4609.23224
7340,3271.436888
7341,5286.14791
7342,5041.539886
7343,5229.786232
7344,4415.589232
7345,5909.374824
7346,5403.477691
7347,2524.976987
7348,4326.849896
7349,6132.098089
7350,6206.122432
7351,3951.567836
7352,4503.27799
7353,5892.246095
7354,4697.653668
7355,3990.550185
7356,4536.070618
7357,5499.803983
7358,3933.049216
7359,3652.127443
7360,4508.319572
7361,5048.55141
7362,4495.964839
7363,4301.571233
7364,2765.55886
7365,4378.512724
7366,5061.263115
7367,4724.095181
7368,5436.039333
7369,4153.173807
7370,4475.612242
7371,4036.517809
7372,4288.785607
7373,4003.519779
7374,3722.212281
7375,4168.618717
7376,4348.68298
7377,4883.360325
7378,4283.033392
7379,4728.187279
7380,4288.117785
7381,3239.442487
7382,4693.738326
7383,6182.127129
7384,4369.944999
7385,4336.703382
7386,3285.084427
7387,3685.056471
7388,4654.121036
7389,3418.395698
7390,5086.239667
7391,4457.200374
7392,3765.464497
7393,3749.523849
7394,4758.830281
7395,4891.418511
7396,2485.630995
7397,4354.895439
7398,4232.985551
7399,4659.30506
7400,3910.092206
7401,5352.513302
7402,3959.542667
7403,5086.39507
7404,3434.475893
7405,3893.914552
7406,6189.473517
7407,3995.564132
7408,5267.08265
7409,4374.182027
7410,2748.871688
7411,3795.298457
7412,3580.980908
7413,3569.635939
7414,4740.735211
7415,4232.182447
7416,2586.381287
7417,4200.231401
7418,3862.344891
7419,3738.022525
7420,4834.458165
7421,4177.332096
7422,4252.349586
7423,3271.657
7424,5040.14298
7425,4324.333311
7426,3455.582145
7427,3474.041053
7428,4912.720627
7429,5002.522252
7430,3115.673435
7431,3017.786888
7432,5815.079927
7433,4922.97136
7434,2826.487521
7435,3749.033392
7436,4281.725584
7437,4939.440209
7438,4356.353859
7439,3740.278973
7440,4201.302696
7441,3440.930285
7442,4477.937671
7443,5483.876495
7444,3896.789719
7445,4469.995813
7446,4095.15678
7447,4551.771263
7448,4592.40297
7449,4712.841183
7450,4889.944773
7451,5526.915581
7452,5770.891667
7453,5175.197374
7454,5103.57752
7455,5169.116552
7456,4262.740443
7457,3775.728279
7458,3986.29845
7459,4197.337513
7460,3968.098705
7461,5050.696456
7462,5150.889012
7463,3473.882056
7464,3102.320317
7465,3567.067755
7466,3715.926204
7467,5184.907184
7468,4868.664529
7469,3713.759799
7470,4184.319639
7471,5043.965556
7472,5360.083487
7473,4703.979448
7474,4614.247211
7475,3675.868659
7476,1894.367189
7477,4039.802632
7478,4788.268968
7479,3362.688715
7480,4137.22845
7481,3913.366401
7482,2702.892277
7483,6998.926222
7484,3435.732923
7485,4285.529633
7486,6167.327881
7487,4977.416333
7488,5445.634642
7489,3430.220389
7490,4138.87814
7491,4189.170932
7492,5073.867298
7493,5188.219946
7494,3965.302577
7495,3695.712159
7496,2435.841604
7497,4060.207639
7498,4118.990555
7499,5306.394822
7500,4731.252916
7501,2984.578369
7502,3486.164374
7503,5158.659287
7504,4623.887384
7505,5580.284751
7506,4947.701373
7507,3916.935666
7508,4588.657321
7509,4626.532722
7510,6500.835183
7511,4635.851905
7512,4201.826571
7513,3892.941562
7514,3881.208193
7515,3986.263138
7516,3733.996991
7517,5056.76596
7518,4764.376033
7519,4437.597604
7520,4365.132968
7521,4634.270022
7522,4718.086089
7523,5710.46163
7524,4083.241462
7525,4669.129958
7526,3443.225442
7527,5167.526154
7528,5110.910688
7529,4384.252822
7530,5542.448794
7531,2996.159503
7532,4079.723535
7533,4229.178704
7534,5165.847745
7535,4826.181087
7536,4016.523236
7537,3839.071315
7538,5324.041229
7539,6021.230278
7540,2835.76855
7541,4856.607399
7542,3695.167624
7543,5913.237331
7544,4641.309689
7545,4311.92394
7546,3707.2472
7547,4000.465869
7548,4431.898018
7549,5073.858974
7550,5205.808384
7551,5236.55608
7552,4106.891561
7553,6443.860938
7554,4964.938084
7555,5025.011458
7556,6127.949968
7557,4710.127026
7558,4466.182955
7559,4886.679934
7560,4478.445047
7561,5531.718167
7562,3413.064668
7563,4895.678821
7564,4656.768018
7565,5309.163437
7566,3925.148463
7567,3446.37364
7568,5097.941102
7569,4480.623341
7570,3953.851446
7571,3267.343945
7572,3990.906651
7573,4565.294325
7574,3397.882724
7575,4770.672445
7576,4866.919734
7577,4429.659894
7578,3898.159703
7579,5001.815908
7580,4312.42525
7581,3159.386604
7582,3545.342303
7583,3308.101423
7584,4355.567496
7585,4845.246571
7586,3866.2121
7587,5310.912427
7588,5611.59916
7589,4095.673488
7590,4667.087757
7591,3262.202682
7592,4156.62699
7593,3835.887413
7594,4110.489222
7595,2873.060586
7596,4014.714887
7597,4993.247104
7598,3662.633805
7599,5982.756947
7600,6146.500274
7601,5348.741364
7602,5427.6633
7603,4184.476606
7604,4445.763216
7605,3823.854375
7606,5778.326225
7607,3476.502849
7608,4729.340758
7609,4469.305211
7610,4218.339306
7611,4641.318609
7612,4592.526099
7613,5350.01165
7614,4151.720368
7615,4182.369286
7616,4733.71976
7617,3017.246179
7618,4135.414519
7619,3323.069746
7620,3237.995329
7621,4792.279424
7622,4008.249156
7623,3511.533873
7624,5184.67399
7625,2344.695352
7626,4591.87452
7627,2794.839704
7628,4235.757746
7629,3696.498001
7630,4251.6128
7631,4450.752547
7632,4404.498735
7633,2950.869064
7634,4956.227886
7635,4298.022345
7636,4522.989462
7637,3588.632288
7638,2844.29547
7639,2705.32918
7640,3903.87569
7641,4337.922707
7642,3566.553975
7643,4090.003241
7644,3963.556491
7645,3607.909529
7646,5077.386006
7647,3675.515252
7648,4861.648435
7649,4567.224897
7650,5020.767271
7651,4806.985044
7652,3699.737419
7653,5197.209627
7654,4851.138374
7655,5396.228829
7656,4661.899414
7657,4856.704973
7658,3320.168475
7659,3224.623094
7660,4449.748985
7661,5633.279072
7662,3964.715649
7663,5556.48203
7664,4147.655638
7665,4105.304781
7666,3977.267131
7667,5005.135669
7668,4358.926144
7669,4749.366724
7670,5795.654387
7671,3873.725539
7672,4361.065299
7673,5666.405536
7674,6344.463056
7675,4610.40044
7676,5433.768284
7677,5200.484111
7678,5311.413465
7679,4506.032688
7680,4066.232139
7681,4238.889145
7682,3776.891075
7683,1951.996408
7684,2995.653154
7685,5792.276425
7686,5348.661147
7687,4128.80325
7688,3308.352004
7689,4497.873888
7690,3135.504311
7691,4776.852773
7692,3826.918554
7693,4307.645977
7694,6799.390179
7695,3420.285703
7696,2721.110634
7697,4204.93556
7698,4897.297865
7699,4918.178616
7700,4790.524317
7701,4371.029778
7702,3976.527912
7703,4143.726129
7704,3683.823915
7705,4152.937053
7706,3560.607622
7707,3873.676211
7708,4854.618889
7709,6096.369429
7710,5385.469891
7711,3991.884291
7712,5317.809902
7713,4605.137035
7714,5372.567285
7715,4488.584018
7716,3692.658796
7717,4278.739475
7718,3747.190804
7719,4030.315986
7720,5152.606882
7721,5896.087095
7722,4273.96476
7723,4589.197499
7724,3781.111867
7725,3759.491445
7726,4252.935571
7727,5089.768724
7728,4431.139975
7729,3252.294423
7730,5457.818705
7731,4684.787728
7732,4265.492186
7733,5324.066597
7734,4024.949795
7735,3768.939204
7736,4027.862923
7737,4167.527
7738,4708.664466
7739,5312.099711
7740,4546.578889
7741,4243.185725
7742,5488.600099
7743,3571.857848
7744,3969.285479
7745,4338.793202
7746,4908.649336
7747,5079.4479
7748,5670.375406
7749,3617.812103
7750,3939.329619
7751,4251.697385
7752,4201.45745
7753,5036.599282
7754,4153.718356
7755,5052.752991
7756,4636.560198
7757,4820.958672
7758,4830.415488
7759,3648.161841
7760,4792.551076
7761,5211.201204
7762,4334.490582
7763,4809.870528
7764,4280.095447
7765,4997.723185
7766,4709.555448
7767,3543.202497
7768,4044.577424
7769,5399.701044
7770,4604.879754
7771,4183.230838
7772,5680.420924
7773,4854.242534
7774,5448.9384
7775,5754.344209
7776,3579.919747
7777,3863.339834
7778,2700.599771
7779,5367.111089
7780,3865.323731
7781,3934.371974
7782,5061.51903
7783,4565.370699
7784,4202.16234
7785,4052.443129
7786,4530.545201
7787,5290.783979
7788,3650.696584
7789,3132.324912
7790,3824.426003
7791,4404.971299
7792,4330.047664
7793,4234.611621
7794,3597.782942
7795,5107.87723
7796,3809.940188
7797,4464.684551
7798,3924.656336
7799,5170.045309
7800,3968.029989
7801,5502.403218
7802,5182.101885
7803,2701.320288
7804,5142.526319
7805,3973.928073
7806,4849.789883
7807,4954.098693
7808,2826.174197
7809,5192.804162
7810,4616.82787
7811,3359.680536
7812,3562.534002
7813,5099.507143
7814,4789.852923
7815,4304.428589
7816,4417.707136
7817,4468.399949
7818,3851.825494
7819,3215.307237
7820,5227.25136
7821,2863.340447
7822,5164.265069
7823,2491.287242
7824,5335.781869
7825,5536.715188
7826,3174.257387
7827,5527.671365
7828,4087.416052
7829,4331.938173
7830,3929.884015
7831,4363.230801
7832,4773.310329
7833,4325.863824
7834,3960.163429
7835,4573.107767
7836,3937.922087
7837,5329.901817
7838,4293.953969
7839,5156.321228
7840,4490.149976
7841,5027.5926
7842,5338.053389
7843,4104.040533
7844,4337.734317
7845,4536.891364
7846,4224.868756
7847,3676.065561
7848,4388.322322
7849,4168.055043
7850,2643.971364
7851,5206.584497
7852,4975.045884
7853,3858.369288
7854,4791.850894
7855,4681.724855
7856,4480.931836
7857,4450.971431
7858,4484.503606
7859,6615.983325
7860,3643.347649
7861,6795.209203
7862,4184.051509
7863,4682.782802
7864,6317.863013
7865,3384.054586
7866,6036.661414
7867,4263.476738
7868,6133.061038
7869,5415.452987
7870,4376.479056
7871,3103.609127
7872,3939.775339
7873,5160.36412
7874,4986.36888
7875,4118.29826
7876,4140.903013
7877,4882.548756
7878,4301.476677
7879,5766.843487
7880,4026.085386
7881,5382.591871
7882,5167.093153
7883,4014.183229
7884,4956.047492
7885,5099.702338
7886,5899.006596
7887,4980.994463
7888,4461.597979
7889,4709.371508
7890,4332.497675
7891,3975.275575
7892,5038.934945
7893,3901.590336
7894,5799.92237
7895,4019.430847
7896,4257.446608
7897,5115.100722
7898,4439.836879
7899,3271.691957
7900,4411.537178
7901,4850.509593
7902,4325.739416
7903,4554.423358
7904,4505.337433
7905,3412.457231
7906,4572.356106
7907,5546.775659
7908,3972.813472
7909,3644.20861
7910,5189.364238
7911,6190.858487
7912,5016.803789
7913,4388.415007
7914,3934.514193
7915,5085.630415
7916,4111.404156
7917,4027.977932
7918,4886.093448
7919,4142.39322
7920,5430.108366
7921,5239.951363
7922,4174.905446
7923,4880.418088
7924,3356.850347
7925,4496.474454
7926,2643.133588
7927,5565.210516
7928,4348.341558
7929,3743.74554
7930,5159.088762
7931,3534.803339
7932,4416.731754
7933,5515.809413
7934,5115.230749
7935,3364.804205
7936,4103.099122
7937,3448.056248
7938,3566.688237
7939,3993.08215
7940,3462.667299
7941,4854.612806
7942,4925.5301
7943,5202.374064
7944,5018.535475
7945,4528.77994
7946,5379.48881
7947,4342.092167
7948,3637.86532
7949,4895.101215
7950,3651.672681
7951,4898.646088
7952,4376.22811
7953,2039.718863
7954,4337.767318
7955,2994.784674
7956,4347.241508
7957,3226.546931
7958,4347.488152
7959,5437.544415
7960,5162.803112
7961,4000.32311
7962,4899.333942
7963,4290.678857
7964,4525.417586
7965,5432.405255
7966,4529.770833
7967,5243.167124
7968,5018.474462
7969,4881.020447
7970,3935.784027
7971,4255.649046
7972,4912.685425
7973,4798.679574
7974,4420.266672
7975,4472.824885
7976,3890.82922
7977,4083.728798
7978,3934.637854
7979,3981.527194
7980,5721.686032
7981,5818.034178
7982,5733.717298
7983,3638.282104
7984,3859.958169
7985,5012.781926
7986,4181.401749
7987,4601.438288
7988,5154.742304
7989,5023.658238
7990,4262.779509
7991,5328.904071
7992,4547.260189
7993,4854.743552
7994,4671.92536
7995,3998.890051
7996,5639.888404
7997,5657.743561
7998,4252.677403
7999,3322.399746
8000,5614.608135
8001,2416.457326
8002,4656.819707
8003,4944.6298
8004,4592.460984
8005,3436.120486
8006,4063.438341
8007,4800.50948
8008,5718.751913
8009,2867.573637
8010,5492.53665
8011,3547.618859
8012,3935.530524
8013,5389.453207
8014,4808.362678
8015,4882.302765
8016,5041.182556
8017,3713.787208
8018,3858.307804
8019,4596.35291
8020,3555.763
8021,4279.13196
8022,4642.977778
8023,4219.641835
8024,3528.582051
8025,5940.108475
8026,4136.446606
8027,4711.897886
8028,4784.47822
8029,3363.583819
8030,3951.598473
8031,3932.238106
8032,4452.139633
8033,3549.397032
8034,4020.215778
8035,4987.960532
8036,3958.079246
8037,5126.91429
8038,3991.344086
8039,4104.690289
8040,4888.57154
8041,5616.725257
8042,4317.550953
8043,2470.167874
8044,4930.597523
8045,3639.284662
8046,4231.563674
8047,5433.498265
8048,4295.536375
8049,3416.596094
8050,4287.255291
8051,4846.543908
8052,3250.936046
8053,3777.013723
8054,4754.334105
8055,5259.633548
8056,5737.751119
8057,3833.556946
8058,4995.734832
8059,4043.53285
8060,4925.358036
8061,4665.009034
8062,3414.078596
8063,5681.327558
8064,4937.735668
8065,6166.905336
8066,4225.983789
8067,3954.693876
8068,4624.146303
8069,4297.196894
8070,4838.175778
8071,5267.409639
8072,5051.160608
8073,4591.237772
8074,4050.281983
8075,4384.27906
8076,4472.453304
8077,4139.873865
8078,4226.210177
8079,4544.579581
8080,3712.855733
8081,4614.53924
8082,5542.010152
8083,4856.029984
8084,3638.271405
8085,5186.11545
8086,4457.737181
8087,4374.660917
8088,5471.582542
8089,4931.608369
8090,5058.577668
8091,3922.317511
8092,5145.296057
8093,5059.109028
8094,5594.949458
8095,5100.155686
8096,5362.193792
8097,5447.840848
8098,3515.185222
8099,4291.473543
8100,3299.904987
8101,5413.003571
8102,4854.172064
8103,4349.298856
8104,5343.385481
8105,3911.940483
8106,3166.15083
8107,3686.455749
8108,3323.149368
8109,4798.637439
8110,5008.49546
8111,6229.74899
8112,4261.878039
8113,5591.413511
8114,4945.247211
8115,4778.5255
8116,4698.191268
8117,4425.466609
8118,5400.83725
8119,4458.433991
8120,3884.519
8121,3944.667225
8122,4458.634318
8123,4913.812362
8124,3803.445377
8125,3108.456863
8126,3496.814642
8127,4991.782876
8128,3689.44672
8129,3973.514841
8130,3974.492454
8131,4893.507451
8132,3805.744482
8133,4302.033581
8134,4432.997926
8135,4373.882502
8136,4543.988529
8137,4681.647935
8138,4526.455152
8139,5603.151703
8140,2408.49355
8141,5935.57643
8142,3742.51372
8143,3733.43665
8144,5397.956593
8145,6453.484316
8146,5553.297468
8147,3517.803464
8148,4872.327323
8149,5154.639901
8150,3541.047423
8151,4857.659572
8152,4321.577871
8153,4806.642966
8154,5389.208052
8155,5050.053142
8156,3404.03774
8157,2784.878192
8158,4405.178399
8159,3562.94997
8160,4958.381462
8161,3266.257242
8162,3200.448455
8163,3402.396735
8164,3585.283027
8165,3918.249614
8166,3540.725395
8167,5584.904267
8168,3617.159535
8169,4232.667726
8170,4420.946304
8171,4289.343201
8172,4791.762885
8173,4730.235528
8174,5145.705555
8175,4249.966482
8176,2949.932041
8177,4607.971555
8178,3757.911613
8179,3321.291303
8180,2559.957453
8181,3787.907606
8182,4500.184507
8183,4024.014202
8184,5838.175953
8185,4322.979266
8186,5425.981028
8187,4843.931855
8188,3792.329027
8189,5041.170627
8190,4901.964679
8191,2905.435311
8192,3286.642894
8193,6075.723227
8194,4487.055377
8195,4281.902192
8196,4762.47211
8197,4618.838813
8198,5462.843417
8199,2831.049872
8200,5096.350091
8201,3723.49937
8202,3698.640999
8203,4769.808315
8204,5641.854032
8205,4074.691975
8206,3810.403342
8207,3893.121481
8208,5495.662703
8209,4887.404927
8210,5075.080063
8211,5034.084745
8212,5838.520528
8213,4453.136019
8214,4548.658865
8215,6130.327393
8216,5044.612272
8217,2469.489466
8218,5192.099916
8219,4837.571282
8220,3624.224051
8221,3850.335789
8222,4414.934656
8223,4845.57584
8224,5165.438208
8225,3517.884314
8226,5196.537122
8227,4080.46924
8228,4356.093444
8229,4242.610246
8230,4114.887825
8231,3802.966832
8232,5386.66696
8233,4619.663276
8234,3699.956305
8235,4748.84189
8236,4212.924123
8237,5412.422482
8238,5517.594577
8239,3289.823275
8240,5117.414334
8241,5398.883172
8242,4052.022949
8243,3378.661838
8244,4468.883422
8245,3648.225968
8246,5536.393014
8247,4754.634644
8248,3828.644179
8249,4326.747262
8250,3646.441712
8251,5574.772049
8252,3969.919906
8253,3896.130997
8254,4842.163439
8255,5492.276466
8256,5108.955017
8257,4741.010523
8258,5422.291673
8259,4446.077603
8260,5481.102133
8261,4658.478978
8262,3735.961159
8263,3916.064434
8264,4796.628318
8265,4472.270881
8266,3619.582678
8267,3327.61851
8268,3989.595577
8269,4840.976359
8270,5577.385052
8271,4802.536695
8272,7119.612314
8273,4832.22805
8274,3907.830124
8275,4716.79759
8276,4482.348936
8277,3621.32281
8278,4415.414779
8279,4193.733078
8280,5842.013982
8281,4496.686161
8282,4770.059469
8283,4903.438254
8284,4731.928747
8285,3920.099214
8286,5670.234347
8287,4783.581679
8288,4999.718775
8289,3483.262956
8290,4844.60986
8291,4219.053031
8292,4784.909294
8293,5075.636893
8294,4386.371325
8295,4222.60849
8296,4108.04595
8297,5744.136307
8298,4731.361177
8299,3723.703269
8300,3260.417209
8301,3446.843148
8302,4838.172334
8303,4048.180723
8304,3541.409117
8305,5461.421692
8306,3544.284841
8307,4212.113669
8308,3675.17518
8309,3629.808356
8310,3893.886807
8311,4168.681493
8312,3692.406018
8313,4375.941338
8314,4640.230036
8315,6682.216765
8316,4578.092063
8317,5079.990362
8318,4877.688759
8319,5315.240721
8320,3704.839221
8321,4304.181685
8322,6260.876865
8323,3650.804969
8324,4758.287857
8325,3496.751057
8326,3892.89884
8327,5167.143561
8328,5306.71331
8329,4411.18022
8330,4846.213626
8331,3475.104405
8332,3095.986707
8333,4295.920866
8334,4257.862613
8335,4893.988089
8336,4422.432405
8337,4739.47521
8338,5821.95679
8339,5087.108042
8340,4778.921791
8341,4443.990249
8342,4523.215432
8343,2939.501369
8344,4425.557709
8345,4895.691622
8346,3488.733273
8347,6223.785893
8348,3935.049375
8349,4833.991078
8350,5054.195768
8351,4502.252415
8352,4571.853981
8353,6794.968861
8354,3902.436217
8355,4991.615066
8356,4318.582923
8357,4491.584524
8358,6542.015723
8359,3812.982822
8360,3307.917683
8361,5166.056363
8362,4998.966082
8363,4328.200074
8364,4024.905531
8365,4234.794076
8366,4188.796892
8367,4185.728274
8368,4864.52206
8369,4438.774984
8370,3433.361626
8371,3907.325676
8372,3673.043959
8373,3510.778055
8374,4334.841686
8375,4686.106451
8376,4073.455216
8377,5920.933682
8378,5300.25644
8379,6392.207187
8380,3657.400981
8381,3001.936553
8382,5364.640405
8383,4387.820227
8384,4424.17721
8385,4207.407833
8386,3488.172668
8387,3593.046857
8388,3964.766418
8389,4838.26798
8390,3980.352191
8391,4166.324707
8392,5908.349309
8393,3735.214397
8394,5506.992377
8395,4935.812704
8396,3622.376698
8397,4925.443261
8398,4839.273166
8399,4050.945272
8400,4722.100368
8401,4265.807323
8402,4674.96934
8403,2988.290102
8404,4360.725725
8405,4939.20361
8406,4652.084238
8407,4015.888025
8408,4855.689073
8409,5709.169833
8410,4419.630101
8411,4195.507496
8412,4075.588977
8413,4132.402317
8414,4314.629772
8415,3926.69679
8416,5870.104179
8417,4951.464038
8418,5241.861656
8419,4717.051583
8420,2510.130889
8421,5412.63132
8422,4964.239612
8423,4595.971155
8424,4931.720615
8425,3805.081129
8426,4132.883291
8427,3752.105335
8428,4080.175935
8429,4509.113108
8430,2636.621257
8431,3383.384568
8432,3715.058006
8433,5566.260212
8434,4863.965708
8435,4615.79026
8436,3996.86468
8437,4551.077025
8438,3961.0025
8439,6104.550885
8440,4972.45642
8441,3146.577484
8442,4914.139622
8443,4296.089287
8444,3601.002594
8445,2782.924376
8446,2659.391866
8447,4433.34993
8448,3136.181371
8449,3919.397229
8450,2771.019209
8451,3627.896702
8452,2727.669812
8453,4138.770827
8454,5304.105001
8455,3813.959219
8456,4473.576069
8457,4630.228505
8458,4626.912621
8459,3483.451836
8460,4140.821916
8461,5182.619439
8462,4071.387813
8463,4214.385254
8464,4539.649817
8465,4712.535715
8466,4176.187463
8467,5106.312474
8468,5239.016605
8469,5172.595235
8470,3578.068635
8471,4721.768423
8472,4243.615289
8473,5438.969476
8474,4006.685847
8475,4040.00339
8476,4499.879236
8477,5166.828194
8478,5367.233099
8479,5828.449322
8480,3393.089371
8481,4289.123183
8482,4465.476904
8483,5057.32386
8484,3162.307879
8485,3876.45625
8486,4008.687667
8487,4190.545677
8488,3178.212333
8489,4290.496446
8490,4191.260706
8491,3786.170709
8492,4379.724439
8493,5084.217691
8494,3824.444167
8495,4342.995648
8496,4504.638094
8497,4517.500838
8498,5801.289417
8499,3095.929354
8500,3934.107585
8501,3930.061583
8502,4512.748202
8503,4529.366477
8504,3572.681742
8505,3638.81566
8506,4686.088386
8507,5189.417079
8508,3966.13634
8509,4242.04042
8510,4710.774917
8511,5773.69729
8512,3903.378412
8513,2993.410839
8514,4001.990646
8515,6096.056417
8516,3866.33345
8517,3226.686724
8518,4141.948247
8519,3008.053134
8520,4564.590069
8521,3755.431816
8522,4068.213992
8523,5039.960319
8524,4497.664919
8525,3380.366689
8526,4914.435635
8527,4372.188202
8528,3425.332277
8529,5038.800003
8530,3605.1804
8531,5894.716743
8532,4835.706101
8533,4203.443981
8534,4550.656182
8535,4983.798965
8536,5258.463533
8537,4439.435557
8538,3631.882537
8539,6282.733802
8540,5942.78273
8541,4547.579532
8542,3861.358559
8543,4082.501956
8544,4467.405473
8545,2998.362164
8546,5486.281864
8547,3755.446275
8548,6060.615884
8549,3907.763907
8550,4291.479038
8551,4885.226514
8552,4686.172316
8553,5553.959048
8554,3479.759514
8555,4401.585218
8556,4203.131327
8557,3724.592795
8558,5713.919625
8559,3773.445491
8560,4685.403847
8561,5186.549836
8562,4170.05144
8563,4110.191123
8564,5759.511794
8565,3059.079448
8566,4793.269569
8567,4147.176971
8568,4237.187702
8569,4208.912259
8570,4397.152114
8571,4454.176321
8572,5933.380111
8573,4885.629738
8574,5541.228807
8575,6136.686106
8576,5554.010009
8577,5280.643455
8578,4820.195321
8579,5776.934602
8580,4320.991707
8581,4535.548061
8582,5345.068458
8583,4708.065895
8584,5520.10027
8585,3879.303626
8586,3418.609583
8587,4103.599566
8588,3431.703699
8589,5392.756089
8590,3614.169735
8591,5147.234269
8592,4095.143641
8593,4216.799333
8594,3732.467154
8595,4038.069106
8596,3845.002347
8597,3448.993873
8598,6162.98677
8599,2978.37328
8600,4291.558701
8601,3444.067798
8602,4650.049574
8603,4979.456876
8604,5543.938827
8605,4823.491082
8606,4487.966953
8607,4085.565303
8608,4129.336208
8609,4606.099073
8610,5386.234086
8611,3672.037165
8612,4373.059044
8613,3461.616186
8614,6367.000274
8615,3302.717149
8616,4672.603643
8617,5125.484967
8618,3712.842665
8619,4635.527685
8620,4904.898346
8621,5064.252414
8622,4517.38926
8623,4884.672963
8624,4569.127603
8625,5578.905298
8626,3831.928606
8627,4651.687224
8628,4739.13645
8629,4689.193655
8630,4122.319397
8631,4140.514249
8632,6460.225757
8633,4593.114066
8634,4832.38798
8635,4631.090109
8636,4298.848995
8637,3130.771175
8638,6011.075776
8639,4815.159921
8640,6264.233909
8641,5016.120665
8642,4295.087118
8643,5138.210381
8644,4497.821106
8645,4098.99459
8646,4784.18161
8647,3386.227835
8648,5403.728642
8649,4869.547386
8650,4683.473557
8651,4058.983396
8652,4483.945024
8653,4390.885341
8654,3172.234493
8655,3918.180232
8656,3856.571222
8657,3800.758276
8658,4400.906651
8659,4108.684701
8660,3838.167055
8661,3737.456484
8662,3585.845701
8663,4695.511407
8664,5315.196609
8665,4380.706066
8666,5004.921466
8667,4079.649437
8668,3703.237496
8669,4122.305925
8670,2870.68197
8671,4710.086936
8672,3991.136422
8673,5101.462054
8674,4420.89517
8675,4580.243928
8676,4476.737578
8677,4537.066074
8678,5892.753141
8679,3762.081401
8680,3695.965196
8681,3749.264866
8682,4704.01843
8683,4553.392398
8684,5356.057859
8685,4474.649152
8686,4169.022958
8687,4068.123149
8688,4879.341776
8689,4262.380698
8690,2853.828314
8691,4104.025353
8692,4073.393237
8693,4663.17755
8694,4367.453326
8695,3215.672109
8696,4017.424497
8697,5405.802032
8698,4497.595666
8699,4967.36329
8700,4147.583898
8701,4972.383172
8702,4789.699579
8703,4792.15653
8704,3925.573256
8705,3383.178381
8706,5942.844263
8707,6346.88602
8708,2727.710985
8709,4011.191887
8710,4437.052206
8711,5170.662029
8712,4747.408348
8713,5617.469308
8714,5171.140217
8715,3352.743751
8716,5357.218449
8717,4531.076382
8718,3671.832523
8719,3947.864728
8720,3888.333084
8721,4385.165475
8722,3993.287273
8723,4744.238676
8724,5434.71866
8725,5777.324584
8726,4929.949351
8727,3963.777747
8728,3815.29278
8729,3970.466478
8730,4417.44506
8731,4738.580568
8732,3968.721905
8733,5180.347869
8734,5786.905733
8735,4949.624981
8736,5504.47142
8737,3588.734483
8738,3706.024584
8739,5792.883919
8740,3917.437283
8741,4607.995065
8742,3714.314435
8743,4330.606705
8744,3935.149102
8745,4272.873823
8746,4632.236451
8747,3525.563322
8748,4189.123368
8749,4457.864644
8750,4996.954496
8751,3781.069676
8752,5104.967426
8753,4460.553452
8754,3443.012486
8755,4741.096566
8756,4236.028605
8757,4974.58416
8758,4246.306345
8759,3341.97616
8760,4787.092154
8761,3803.787539
8762,4318.996835
8763,4444.880926
8764,3625.357732
8765,4605.848935
8766,4922.27007
8767,4931.177737
8768,5069.891225
8769,4339.545699
8770,3305.480016
8771,4510.69864
8772,4683.455045
8773,4635.927928
8774,5870.99927
8775,3717.389145
8776,3866.08491
8777,5653.562216
8778,4263.885904
8779,5666.985612
8780,5431.495198
8781,4181.405761
8782,4641.169063
8783,3626.821012
8784,4286.118291
8785,3596.186522
8786,4896.062733
8787,4537.930326
8788,4165.185482
8789,4574.466956
8790,5162.740358
8791,6197.431147
8792,3605.288802
8793,5545.499451
8794,3175.543685
8795,4325.356944
8796,5770.540984
8797,3460.359487
8798,3571.937125
8799,3333.60638
8800,3636.383191
8801,4170.608504
8802,5476.452887
8803,5839.895405
8804,5809.84841
8805,4430.458117
8806,3978.176564
8807,4592.992467
8808,3554.365634
8809,3731.68653
8810,6014.7653
8811,4589.574704
8812,4400.251938
8813,5475.450785
8814,5850.103325
8815,5587.696119
8816,3753.568048
8817,4311.919768
8818,4074.023965
8819,4503.86197
8820,4116.342827
8821,5261.061662
8822,6940.774982
8823,4643.426868
8824,3561.03994
8825,4681.911111
8826,5095.127612
8827,4933.450504
8828,5604.576564
8829,5395.30358
8830,5742.895671
8831,5870.487371
8832,5664.727457
8833,5469.748365
8834,3258.088555
8835,3827.959429
8836,4946.390984
8837,3534.223688
8838,3911.720826
8839,5918.791918
8840,6015.456223
8841,5144.593464
8842,3169.210725
8843,4392.474389
8844,4170.214176
8845,4738.496307
8846,4859.790954
8847,6205.257766
8848,5849.888624
8849,3944.562159
8850,3516.757625
8851,6414.951897
8852,3911.554333
8853,2866.531824
8854,4419.094032
8855,4687.902784
8856,4017.21847
8857,4163.898441
8858,5493.353415
8859,5057.459968
8860,4065.998043
8861,3952.821049
8862,4385.307615
8863,4110.246137
8864,5164.959264
8865,5353.156262
8866,4053.114733
8867,4110.943456
8868,4749.093334
8869,3775.744583
8870,3659.953725
8871,3925.224712
8872,4976.692312
8873,3868.934655
8874,4959.303732
8875,5447.342281
8876,3364.03979
8877,3302.008368
8878,3300.030622
8879,3145.223618
8880,4975.5011
8881,3436.088144
8882,5946.712895
8883,5715.365207
8884,3907.235756
8885,5163.258505
8886,3968.448721
8887,3891.366012
8888,5650.039284
8889,3703.441287
8890,4640.390692
8891,4684.784261
8892,5126.539813
8893,4797.082908
8894,4283.154245
8895,4164.458674
8896,4790.787475
8897,5922.523616
8898,4351.544494
8899,4087.558733
8900,4336.003518
8901,3417.375267
8902,4547.758909
8903,3749.629505
8904,3782.259775
8905,4248.809768
8906,4580.719325
8907,5329.297199
8908,4813.87258
8909,4138.973694
8910,4137.629307
8911,3995.394575
8912,4088.561243
8913,4218.406871
8914,4664.332938
8915,3336.353595
8916,5844.498506
8917,3681.165216
8918,5506.932624
8919,5468.089289
8920,4604.919367
8921,4123.534086
8922,3779.403896
8923,4212.268757
8924,5016.856332
8925,5028.186027
8926,4238.25603
8927,5585.878698
8928,4057.600063
8929,3703.62987
8930,4562.692823
8931,4646.537867
8932,4108.005586
8933,4700.82264
8934,3877.311243
8935,5215.761986
8936,4898.526712
8937,4696.598845
8938,4451.043723
8939,4932.496568
8940,4288.90765
8941,3953.924634
8942,3160.443967
8943,4437.918023
8944,4099.077602
8945,4369.505776
8946,2393.741416
8947,4169.441561
8948,4271.732459
8949,4721.885935
8950,3867.269011
8951,3594.075111
8952,4833.560816
8953,3704.399886
8954,3821.867442
8955,4037.822509
8956,4238.732156
8957,4438.145114
8958,4158.004926
8959,4129.789545
8960,3957.326234
8961,4103.41364
8962,4930.904641
8963,4291.183508
8964,4497.239276
8965,3656.370427
8966,4700.519055
8967,4518.723186
8968,4399.540515
8969,5109.777201
8970,4073.557167
8971,4738.209551
8972,4348.900336
8973,4577.949109
8974,3920.085524
8975,6302.456974
8976,5981.687015
8977,5798.565948
8978,4505.233204
8979,3128.626349
8980,4181.062145
8981,4690.963378
8982,5309.768771
8983,4437.44961
8984,3653.25197
8985,3391.08087
8986,3314.526923
8987,3434.464715
8988,4755.573958
8989,3816.117802
8990,5123.865717
8991,4782.301877
8992,4655.814651
8993,5125.033452
8994,4688.511973
8995,4921.576887
8996,5215.169611
8997,5000.914996
8998,3641.165484
8999,3896.816917
9000,2778.436834
9001,4774.207622
9002,2549.905289
9003,3862.396343
9004,2383.330072
9005,3998.888592
9006,4000.955138
9007,5204.919429
9008,5520.877319
9009,3877.568228
9010,4822.394829
9011,4774.471901
9012,3652.870786
9013,4070.989089
9014,4189.039775
9015,4242.789069
9016,3930.597598
9017,5575.307635
9018,3946.160505
9019,4203.763565
9020,5172.944734
9021,5268.861199
9022,5065.709462
9023,5169.585907
9024,4808.199377
9025,5299.805696
9026,4110.726282
9027,4881.522186
9028,5262.412946
9029,4094.99533
9030,4990.576679
9031,4713.101964
9032,5269.919504
9033,4576.70656
9034,5196.783884
9035,4450.397042
9036,4392.175563
9037,5367.425375
9038,3929.39464
9039,4574.932383
9040,4102.980899
9041,5274.794251
9042,3990.120031
9043,4251.336535
9044,4329.066647
9045,4759.564185
9046,4754.428185
9047,4537.869974
9048,5113.263449
9049,5788.507553
9050,4172.530575
9051,4654.737484
9052,4821.107453
9053,4103.312067
9054,4708.835352
9055,4287.010753
9056,4156.731472
9057,4613.863542
9058,2986.500464
9059,4914.728128
9060,5633.990906
9061,2660.785632
9062,4178.565302
9063,4924.958719
9064,3427.913807
9065,3491.051268
9066,3943.132444
9067,5382.890422
9068,3609.518436
9069,4915.995319
9070,3749.957459
9071,5273.130303
9072,4291.661824
9073,4809.714662
9074,3683.365473
9075,5238.147595
9076,3331.714791
9077,4105.161747
9078,3626.105731
9079,4100.265261
9080,3397.056977
9081,3418.040675
9082,5803.480907
9083,5120.114907
9084,5283.357399
9085,4222.604618
9086,3170.502117
9087,5419.173562
9088,4324.454776
9089,5744.252323
9090,3613.271723
9091,3914.598452
9092,4536.604681
9093,4631.722962
9094,3952.412935
9095,3666.741177
9096,5210.028717
9097,4583.417908
9098,4180.918257
9099,3687.707843
9100,5271.472956
9101,6475.452358
9102,4478.759803
9103,4554.542272
9104,3581.523821
9105,3363.66999
9106,4717.732036
9107,4332.424421
9108,3287.170212
9109,4347.971873
9110,2570.778792
9111,4817.657572
9112,4064.830525
9113,4843.900842
9114,3445.811905
9115,3655.671412
9116,3894.121176
9117,4999.721924
9118,3930.847739
9119,4699.265715
9120,2552.456969
9121,3557.514673
9122,4151.971654
9123,5737.225174
9124,3476.446447
9125,3667.743896
9126,5419.93462
9127,4196.029001
9128,3766.119596
9129,4464.947489
9130,5877.818593
9131,4858.722862
9132,5399.391155
9133,4013.24761
9134,5922.999128
9135,6019.363667
9136,4149.033536
9137,4470.924946
9138,4387.421821
9139,5489.058314
9140,4617.542597
9141,4384.935768
9142,5036.619179
9143,5767.058356
9144,4783.416211
9145,4217.622702
9146,4302.127791
9147,3676.171007
9148,4296.650089
9149,5542.945887
9150,4181.942064
9151,5451.653761
9152,3803.954452
9153,4307.012066
9154,5087.009991
9155,4463.928649
9156,6583.198766
9157,5284.245833
9158,4643.093298
9159,7202.755871
9160,4071.502314
9161,3923.506496
9162,4414.842743
9163,4945.387141
9164,5755.086209
9165,4702.508349
9166,5236.059473
9167,4863.753467
9168,4020.800985
9169,4918.48828
9170,4408.082828
9171,3695.879013
9172,5193.369868
9173,6585.989258
9174,5079.983942
9175,6158.040513
9176,3453.40755
9177,5272.447211
9178,4569.211623
9179,4485.851661
9180,4735.726286
9181,5278.812334
9182,4592.390106
9183,4162.390316
9184,4003.391643
9185,5272.118655
9186,5413.841925
9187,3098.002972
9188,4318.077409
9189,4476.724975
9190,3001.919617
9191,4910.774694
9192,3798.638125
9193,4904.64888
9194,3912.887122
9195,4366.442909
9196,3192.637985
9197,4903.929968
9198,3977.240273
9199,3400.428499
9200,4569.640887
9201,5128.234849
9202,4811.3639
9203,5350.044162
9204,5812.653608
9205,4755.474419
9206,5742.840212
9207,4088.614166
9208,5104.114483
9209,5068.825423
9210,6172.308332
9211,4547.700507
9212,3392.627114
9213,5237.14772
9214,3605.431523
9215,3992.615376
9216,3803.855265
9217,4452.092149
9218,5271.322497
9219,4109.744246
9220,4801.94981
9221,4956.038423
9222,4112.714639
9223,4904.543827
9224,5057.10575
9225,4918.40268
9226,4978.410198
9227,4162.568746
9228,4959.998841
9229,4183.01528
9230,4341.517574
9231,4670.104254
9232,5187.335327
9233,3823.195295
9234,3286.413137
9235,4976.546809
9236,4246.723928
9237,5530.477485
9238,4421.383851
9239,4864.749002
9240,2513.145202
9241,4351.137613
9242,5108.722498
9243,4724.086845
9244,5339.588178
9245,5292.742767
9246,5825.556146
9247,5136.642122
9248,4228.453237
9249,3432.104659
9250,4392.074223
9251,4219.783709
9252,3121.5559
9253,5242.663738
9254,5682.196104
9255,4485.220831
9256,5028.9013
9257,4912.726291
9258,4499.187936
9259,5096.491726
9260,4950.132272
9261,4052.161863
9262,4257.391211
9263,4787.415859
9264,4499.232341
9265,4206.676972
9266,4615.674482
9267,5375.534369
9268,3968.783035
9269,5149.462304
9270,4239.806476
9271,4770.037997
9272,4617.88039
9273,2834.223491
9274,4091.880149
9275,4494.711838
9276,3924.978746
9277,4894.338648
9278,4684.731366
9279,4393.5237
9280,4126.758235
9281,5769.649638
9282,4562.61428
9283,4832.938438
9284,5168.33142
9285,5769.951288
9286,3811.967673
9287,4739.01802
9288,4430.278543
9289,4250.98116
9290,5432.545505
9291,5435.254418
9292,3533.935624
9293,1911.824862
9294,2893.73023
9295,4138.598223
9296,4741.358321
9297,4749.905133
9298,4455.347658
9299,3664.861457
9300,5154.876226
9301,3660.479267
9302,4800.843724
9303,4859.43114
9304,3628.126957
9305,5133.979155
9306,4991.484811
9307,4490.993889
9308,4511.613248
9309,4444.634447
9310,4549.636833
9311,5270.481545
9312,7002.646567
9313,5661.007056
9314,4660.078997
9315,4385.804034
9316,5313.405163
9317,4840.692424
9318,4217.678433
9319,5396.569389
9320,4680.513418
9321,3599.568489
9322,4817.656017
9323,4493.791904
9324,4624.071231
9325,4447.525252
9326,3612.128474
9327,4398.735616
9328,4727.047397
9329,5011.718359
9330,4258.315656
9331,4347.359794
9332,5023.463293
9333,4715.966367
9334,2103.867794
9335,5813.552505
9336,3781.934864
9337,4268.187974
9338,5279.613548
9339,4465.714748
9340,4491.272363
9341,5009.846237
9342,5005.526177
9343,3271.672382
9344,5619.486222
9345,3855.215524
9346,4745.080407
9347,3288.625526
9348,4088.625022
9349,5010.810827
9350,5072.279456
9351,5760.408538
9352,4869.588144
9353,4669.994369
9354,4263.654733
9355,5494.962054
9356,4776.925319
9357,5064.700689
9358,3449.20962
9359,3393.837654
9360,4897.894846
9361,3412.167502
9362,4254.455207
9363,4939.103882
9364,4334.051145
9365,3151.396194
9366,4955.069256
9367,4102.457779
9368,4611.35148
9369,3685.512524
9370,5124.345566
9371,4434.532457
9372,5362.873287
9373,5736.54539
9374,2891.183572
9375,4534.598372
9376,6492.78131
9377,4571.109157
9378,5472.730541
9379,4882.660605
9380,5543.702712
9381,4449.846372
9382,5150.730334
9383,4579.201485
9384,3147.017015
9385,4849.224671
9386,4043.742922
9387,5437.521388
9388,4449.993996
9389,5217.287222
9390,5218.009415
9391,4788.906575
9392,4659.039536
9393,4926.958698
9394,4328.007322
9395,2996.75542
9396,4765.618312
9397,4598.217219
9398,4298.941275
9399,5181.469395
9400,3289.007039
9401,4563.939914
9402,4497.794623
9403,5714.489751
9404,5575.647005
9405,4173.211174
9406,5000.884848
9407,4056.141571
9408,5120.281714
9409,2459.885595
9410,4532.549737
9411,3538.466465
9412,6141.19829
9413,5345.031233
9414,4498.883988
9415,4170.23132
9416,4614.978367
9417,3577.218015
9418,4925.681178
9419,4338.340646
9420,5132.369414
9421,3898.723888
9422,5503.157007
9423,4005.447858
9424,3949.925079
9425,4854.791017
9426,2581.657803
9427,4866.161341
9428,3683.423085
9429,5218.981721
9430,4373.093809
9431,3926.987887
9432,5000.619855
9433,4968.083919
9434,6049.581537
9435,4508.068459
9436,6033.052004
9437,4871.199686
9438,4519.307292
9439,4988.522162
9440,4230.479658
9441,2129.93502
9442,4138.039948
9443,5290.484288
9444,5222.426917
9445,3480.443119
9446,4410.588698
9447,2731.182658
9448,3597.334989
9449,4779.932993
9450,4442.752434
9451,4504.338733
9452,4626.594424
9453,6513.87533
9454,3805.385594
9455,5155.688149
9456,3380.277737
9457,3285.962002
9458,4932.961845
9459,4394.040268
9460,3756.229065
9461,5770.90661
9462,5027.974059
9463,4415.387662
9464,5640.522196
9465,5501.731817
9466,3158.219924
9467,4270.694245
9468,3759.164806
9469,4171.518738
9470,3430.903871
9471,4622.703856
9472,3327.570437
9473,5216.048377
9474,6043.373762
9475,3891.145132
9476,4131.103433
9477,4058.486467
9478,5353.631311
9479,4395.502175
9480,5371.81843
9481,4759.370602
9482,4370.843258
9483,4338.080666
9484,3660.784352
9485,5053.378446
9486,4761.609082
9487,4477.109406
9488,2503.027427
9489,5721.305207
9490,5841.631387
9491,3700.51356
9492,5897.431698
9493,5408.753754
9494,3488.095139
9495,3854.678099
9496,5227.379056
9497,4897.196725
9498,4890.790333
9499,4330.236612
9500,4720.527898
9501,4630.868006
9502,3708.63898
9503,4830.20795
9504,5255.568347
9505,4985.06873
9506,4027.735087
9507,5219.981661
9508,4487.040224
9509,4955.553689
9510,5101.020329
9511,4293.121602
9512,5826.268205
9513,3854.009964
9514,4025.655318
9515,4575.549016
9516,5315.439499
9517,4552.741845
9518,3971.581825
9519,4386.907613
9520,4535.556332
9521,4712.656028
9522,5088.21691
9523,4183.500269
9524,3982.39006
9525,4352.588114
9526,6068.131468
9527,3099.485333
9528,4564.57028
9529,4137.061508
9530,5182.241735
9531,5057.766532
9532,4847.954465
9533,3040.35843
9534,4650.305033
9535,4432.259301
9536,3786.432883
9537,4431.329534
9538,4916.825981
9539,4371.224736
9540,5241.104698
9541,4405.454125
9542,4107.458073
9543,3669.447107
9544,5142.208606
9545,3567.04597
9546,3371.058832
9547,5508.348178
9548,4408.321568
9549,3089.991298
9550,3157.180868
9551,4089.848419
9552,4136.10057
9553,3705.144777
9554,3125.972573
9555,4060.898582
9556,3453.158931
9557,1652.062231
9558,1564.832308
9559,2959.796911
9560,4477.56584
9561,3523.205744
9562,4145.400318
9563,4537.251428
9564,4518.813843
9565,4235.422304
9566,4873.691935
9567,5114.479057
9568,4077.796991
9569,3202.367291
9570,4438.336043
9571,5297.928131
9572,5832.325938
9573,4168.354759
9574,4519.727394
9575,4664.623183
9576,4137.203614
9577,2976.8413
9578,3563.072463
9579,4372.643731
9580,4975.315811
9581,4264.889564
9582,4661.190941
9583,4545.646856
9584,4236.574091
9585,4922.288346
9586,4040.654635
9587,3688.464893
9588,4680.040803
9589,4479.209508
9590,4673.765692
9591,5259.09799
9592,5739.988278
9593,5134.481919
9594,4952.146351
9595,4985.119978
9596,3058.718532
9597,4662.303722
9598,4141.413235
9599,4309.687792
9600,4591.858171
9601,3765.199728
9602,5786.475735
9603,3782.738677
9604,3648.472802
9605,4127.809066
9606,5678.959581
9607,5530.624333
9608,3759.730735
9609,4706.397059
9610,3505.609012
9611,3857.721376
9612,5249.395886
9613,3872.586403
9614,3282.951697
9615,4137.664042
9616,5534.110597
9617,3129.127469
9618,4344.961128
9619,4381.968508
9620,5058.087923
9621,3678.930586
9622,4267.48929
9623,3544.474039
9624,5610.308005
9625,5403.332585
9626,5313.420687
9627,4550.49053
9628,3501.260396
9629,4464.554996
9630,3400.315811
9631,3819.808806
9632,2966.910165
9633,3577.522151
9634,4577.05553
9635,4297.210278
9636,5495.455248
9637,3164.461379
9638,5040.578286
9639,4592.584506
9640,3821.176182
9641,3561.299133
9642,4817.177516
9643,4197.086435
9644,3989.36333
9645,3606.871679
9646,3532.929701
9647,4351.842701
9648,4122.227904
9649,5140.561239
9650,3445.485004
9651,4262.508451
9652,3722.395517
9653,4697.189019
9654,3804.508185
9655,4579.03361
9656,4266.83861
9657,5912.030957
9658,5407.283993
9659,4158.45074
9660,4713.738391
9661,5236.520499
9662,3224.818581
9663,4320.175961
9664,4476.695974
9665,5868.100636
9666,4578.280398
9667,4854.929798
9668,5042.765742
9669,5152.995578
9670,5168.219407
9671,4570.26725
9672,4355.84753
9673,4412.287333
9674,5023.308432
9675,4103.327752
9676,3306.311985
9677,4507.772929
9678,3911.685876
9679,4989.835095
9680,5622.430372
9681,3340.208565
9682,4764.564904
9683,5594.297773
9684,4395.306582
9685,4660.738814
9686,4205.586795
9687,3427.829967
9688,4772.595546
9689,3820.30984
9690,3173.339536
9691,4223.272
9692,4294.651673
9693,4294.282481
9694,4722.072589
9695,3916.281055
9696,4618.333833
9697,5014.538474
9698,3513.257491
9699,4850.684896
9700,4055.270437
9701,4980.513941
9702,4193.763443
9703,3943.266234
9704,4560.08272
9705,4202.481648
9706,5545.999422
9707,5649.309425
9708,3812.431574
9709,5068.171707
9710,4940.478511
9711,6052.001685
9712,4755.610884
9713,5068.743401
9714,4279.38789
9715,2720.742415
9716,3425.37978
9717,5239.689178
9718,4279.460656
9719,3589.247257
9720,4082.337527
9721,2765.083307
9722,5572.076246
9723,4371.368569
9724,5476.517585
9725,4223.761636
9726,3888.22547
9727,4912.930159
9728,5007.896836
9729,4820.48013
9730,3103.507243
9731,4992.399305
9732,5240.286245
9733,5386.729694
9734,5624.175596
9735,3936.116703
9736,3970.782463
9737,5308.226437
9738,5624.241684
9739,4194.782673
9740,4125.504252
9741,4545.966083
9742,4212.635816
9743,5722.881603
9744,4491.446906
9745,4748.886204
9746,3158.865169
9747,4973.695402
9748,3105.024627
9749,3937.074444
9750,4526.021232
9751,5032.539077
9752,4781.68048
9753,5320.128821
9754,3334.380478
9755,4333.453865
9756,4409.684968
9757,5683.095344
9758,5385.218215
9759,3636.912608
9760,3676.149902
9761,2794.173849
9762,4621.616704
9763,3827.921766
9764,3897.987121
9765,4728.025076
9766,4562.770086
9767,3938.807133
9768,3780.533293
9769,4929.128618
9770,4992.14064
9771,3907.758063
9772,4091.34213
9773,4804.126192
9774,4268.67766
9775,3283.308556
9776,4476.09774
9777,3667.083398
9778,4517.034752
9779,4830.489158
9780,4414.256637
9781,3801.033405
9782,3592.82468
9783,4761.096497
9784,4220.924829
9785,3133.002539
9786,2872.560887
9787,4694.771942
9788,5154.762757
9789,3539.165525
9790,5123.171234
9791,4031.794409
9792,4053.592523
9793,5486.708537
9794,4353.131495
9795,4894.666432
9796,1396.762944
9797,4593.693794
9798,4426.672563
9799,4654.727162
9800,2971.247331
9801,3861.99424
9802,5059.053835
9803,2233.110684
9804,5399.186065
9805,5780.521116
9806,5848.139857
9807,5135.256702
9808,3609.749662
9809,4568.190883
9810,4585.064724
9811,3779.663665
9812,5639.484208
9813,3572.990319
9814,4489.197074
9815,3177.56885
9816,3257.137329
9817,3606.804256
9818,4857.826249
9819,3564.43347
9820,4575.090088
9821,3442.26261
9822,5309.112582
9823,4561.380572
9824,5273.562656
9825,3149.222763
9826,4205.807165
9827,5134.249746
9828,5188.220208
9829,4273.052094
9830,6203.305497
9831,3338.680416
9832,4119.361014
9833,4504.422759
9834,4210.214622
9835,5399.371898
9836,5293.985732
9837,5359.563687
9838,5154.357398
9839,3920.765514
9840,5215.644642
9841,4982.806384
9842,4062.019194
9843,3005.742843
9844,4732.271965
9845,4700.581885
9846,6365.741214
9847,5671.383274
9848,5248.29509
9849,4149.753112
9850,2947.742701
9851,3685.075253
9852,4728.182915
9853,4627.043795
9854,4963.331174
9855,4366.383329
9856,3329.82578
9857,2624.386474
9858,4727.615933
9859,4555.602442
9860,4157.964237
9861,3722.948227
9862,5362.074589
9863,4109.880851
9864,5055.932363
9865,2793.944884
9866,5289.079915
9867,4312.566905
9868,3668.453997
9869,4269.55653
9870,3647.61518
9871,3488.902954
9872,3630.890499
9873,4200.190045
9874,5659.476483
9875,5002.218681
9876,4269.915143
9877,3451.790476
9878,4286.522402
9879,4162.018452
9880,4509.827314
9881,4489.778591
9882,5723.778787
9883,4188.20586
9884,4107.962214
9885,5966.152195
9886,6011.687818
9887,5866.098035
9888,4716.368068
9889,4574.801528
9890,4323.083296
9891,4207.176775
9892,4317.169682
9893,4777.320749
9894,2826.476218
9895,4512.818131
9896,4551.835287
9897,4348.560158
9898,4917.124826
9899,4821.410544
9900,5456.202216
9901,4772.24895
9902,5342.45567
9903,4134.45233
9904,6392.132995
9905,5704.155503
9906,5176.438359
9907,5426.04532
9908,3604.00552
9909,5277.508268
9910,4113.436726
9911,3635.416186
9912,3276.145365
9913,1539.408931
9914,3448.975603
9915,3914.344371
9916,4091.571153
9917,5929.955452
9918,5386.477481
9919,3915.268244
9920,4133.901384
9921,3818.122681
9922,4637.621729
9923,5141.499559
9924,4353.076957
9925,5965.963607
9926,4136.885273
9927,4281.197696
9928,4811.207297
9929,5379.07026
9930,4414.519369
9931,4359.993319
9932,5995.896457
9933,4757.747104
9934,3800.297775
9935,3071.907819
9936,4430.143742
9937,4290.241855
9938,4434.784524
9939,4553.914602
9940,4476.162226
9941,4603.489289
9942,3739.220511
9943,3610.421397
9944,4798.98216
9945,4222.944786
9946,4334.580202
9947,3780.081069
9948,5106.553
9949,4140.586103
9950,4897.913569
9951,5284.473588
9952,4800.539178
9953,4827.894118
9954,4809.46613
9955,4109.790994
9956,3901.170632
9957,4630.079441
9958,5445.518228
9959,5118.471229
9960,4869.553728
9961,3931.04409
9962,4494.104936
9963,4507.838816
9964,4824.637472
9965,5379.570277
9966,5567.765783
9967,4235.251493
9968,3440.691753
9969,4828.196281
9970,5125.463001
9971,4674.525964
9972,3551.237073
9973,4740.574237
9974,4508.382946
9975,4638.638816
9976,5437.598234
9977,3378.213544
9978,5473.480663
9979,5803.678729
9980,4503.85666
9981,5617.348679
9982,5534.241278
9983,4436.229462
9984,5782.88507
9985,4191.097366
9986,3530.731087
9987,5201.777031
9988,4081.487746
9989,4557.072339
9990,4084.154923
9991,4366.08249
9992,4392.521008
9993,4727.573238
9994,3585.520062
9995,4121.335637
9996,3994.468375
9997,4288.712498
9998,5955.260989
9999,5048.312146
10000,4494.598172
